"","gender","v_m","mean_math","v_s","se","year","country"
"1","FEMALE",1.13781481888152,439.727776830114,6.1937899300161,2.72862350477045,"2018","ALBANIA"
"2","MALE",1.53233641666696,434.817394239319,6.28860877894884,2.82385885576501,"2018","ALBANIA"
"3","FEMALE",1.02043492121641,371.848368383666,6.1971154057152,2.70547478625347,"2018","ARGENTINA"
"4","MALE",1.41190975204324,387.279359567793,8.71983096007928,3.20514144575974,"2018","ARGENTINA"
"5","FEMALE",2.11978696197571,488.296647171671,3.73063718253245,2.46219472030661,"2018","AUSTRALIA"
"6","MALE",1.07195793489286,494.323797522796,4.65112716013627,2.41459745889836,"2018","AUSTRALIA"
"7","FEMALE",1.94288524635558,492.200906276095,12.6460018018772,3.84488953974862,"2018","AUSTRIA"
"8","MALE",1.57034649011839,505.483565972367,13.6361634959266,3.91963577836727,"2018","AUSTRIA"
"9","FEMALE",0.56977903232766,585.753110623896,6.33942829734857,2.63935318457174,"2018","B-S-J-Z (CHINA)"
"10","MALE",0.635030309685368,596.553872232353,7.83246349739488,2.92078702374014,"2018","B-S-J-Z (CHINA)"
"11","FEMALE",1.41997028153688,415.63232021568,8.42724785089973,3.16057196731704,"2018","BAKU (AZERBAIJAN)"
"12","MALE",0.799700547169324,423.259008118182,8.90140841089137,3.12747166458429,"2018","BAKU (AZERBAIJAN)"
"13","FEMALE",1.54681979928971,468.608845369959,7.97786009824477,3.11116728535504,"2018","BELARUS"
"14","MALE",0.778812752845435,474.870446287595,9.37127284048015,3.19811927054169,"2018","BELARUS"
"15","FEMALE",0.537631369100326,502.046829789884,6.64586992436834,2.69021642816683,"2018","BELGIUM"
"16","MALE",1.92850684005213,514.131599431072,6.28539372241283,2.89943981597656,"2018","BELGIUM"
"17","FEMALE",1.26457167538245,405.057103355608,12.2449461517114,3.69269210666583,"2018","BOSNIA AND HERZEGOVINA"
"18","MALE",1.9624770717957,407.647903423194,8.60220144217779,3.28038507208423,"2018","BOSNIA AND HERZEGOVINA"
"19","FEMALE",0.69116560699048,379.269456136934,3.38154463534019,2.03514785778078,"2018","BRAZIL"
"20","MALE",1.10038953360765,387.871670408919,5.31121257579306,2.55375039163217,"2018","BRAZIL"
"21","FEMALE",0.607698940124707,433.947562158454,1.02503088644659,1.30134535023712,"2018","BRUNEI DARUSSALAM"
"22","MALE",1.71921019445993,426.352127600861,0.957244805410308,1.68771325150816,"2018","BRUNEI DARUSSALAM"
"23","FEMALE",1.83445289295649,436.904265904042,12.8451120812058,3.85525748341896,"2018","BULGARIA"
"24","MALE",1.94768333688866,435.277237961018,21.5096977825026,4.86334755627028,"2018","BULGARIA"
"25","FEMALE",2.23788892777633,509.54625248018,4.86700445998574,2.70715390780423,"2018","CANADA"
"26","MALE",1.23523568208998,514.451017261465,5.02494774829237,2.52659988890037,"2018","CANADA"
"27","FEMALE",0.662890629045181,413.626757549314,6.70574613577397,2.72670603984435,"2018","CHILE"
"28","MALE",1.14586645729857,421.091791810278,9.64193018088253,3.30187572205723,"2018","CHILE"
"29","FEMALE",1.47181741858536,529.36385716791,15.3076708957094,4.11420345342246,"2018","CHINESE TAIPEI"
"30","MALE",1.87787304394161,532.907896377697,16.0301841172011,4.2539210695001,"2018","CHINESE TAIPEI"
"31","FEMALE",1.75193240569648,381.36527504906,7.97284551402794,3.146421961577,"2018","COLOMBIA"
"32","MALE",0.952221278477368,400.887169388084,13.0579473259166,3.75571441036745,"2018","COLOMBIA"
"33","FEMALE",1.83957717683651,393.602715975528,18.0141054060838,4.47634229037547,"2018","COSTA RICA"
"34","MALE",2.64141039755609,411.269947680742,6.91630911054474,3.13398477147807,"2018","COSTA RICA"
"35","FEMALE",3.07327225477588,459.922041827557,7.90628152508674,3.35959536333473,"2018","CROATIA"
"36","MALE",0.476195413479826,468.543509831661,8.70765037098332,3.03833265555487,"2018","CROATIA"
"37","FEMALE",2.01314928464541,497.671594615076,7.81407058198373,3.16678619346076,"2018","CZECH REPUBLIC"
"38","MALE",1.14817278367156,501.18653767431,7.42698192033359,2.94787584242829,"2018","CZECH REPUBLIC"
"39","FEMALE",1.17105211561767,507.454310588683,3.8770429182067,2.27270769026422,"2018","DENMARK"
"40","MALE",0.823698632120629,511.338929589824,4.2129330226921,2.26252105360918,"2018","DENMARK"
"41","FEMALE",2.28746745959338,326.668420551635,5.93798397981412,2.90761039091671,"2018","DOMINICAN REPUBLIC"
"42","MALE",1.39109672006471,323.522565271697,7.48076183781636,3.0018274816997,"2018","DOMINICAN REPUBLIC"
"43","FEMALE",0.828992138620087,519.187026867487,3.18735872872124,2.0246604854156,"2018","ESTONIA"
"44","MALE",0.886132938062726,527.638014708259,4.01964565461464,2.23481361336547,"2018","ESTONIA"
"45","FEMALE",1.21393649222605,510.40571203763,3.39364577105455,2.17462086638182,"2018","FINLAND"
"46","MALE",0.660964654205801,504.312432262085,5.73897426123726,2.54284002266435,"2018","FINLAND"
"47","FEMALE",0.850558642333191,492.184622751844,6.71492437225047,2.76596075149612,"2018","FRANCE"
"48","MALE",0.882854109319876,498.544845511855,6.19151192602791,2.67631303219182,"2018","FRANCE"
"49","FEMALE",1.2394417107791,399.811432296501,5.64930983864646,2.64814948983313,"2018","GEORGIA"
"50","MALE",1.85769610674088,395.546248571091,8.77097550917437,3.28853177369314,"2018","GEORGIA"
"51","FEMALE",1.16727740910465,496.24632135339,8.08796504051683,3.06136737268364,"2018","GERMANY"
"52","MALE",0.707991144725013,503.307917096999,8.14152319189762,2.98668937974727,"2018","GERMANY"
"53","FEMALE",0.86067219179732,451.206888200729,9.23146759922302,3.19033023528914,"2018","GREECE"
"54","MALE",0.748221784357043,451.529217827735,14.4105693221314,3.9030261701562,"2018","GREECE"
"55","FEMALE",1.09609395082308,553.996910063517,10.1946049023407,3.37643425054393,"2018","HONG KONG"
"56","MALE",0.916675165508825,548.459882103629,12.178939642597,3.63142979068255,"2018","HONG KONG"
"57","FEMALE",0.858178606422919,476.717094016631,9.19324070452838,3.18390282068935,"2018","HUNGARY"
"58","MALE",0.929301194679197,485.530236171011,7.84059177571582,2.97704939325214,"2018","HUNGARY"
"59","FEMALE",3.2259352696163,500.062550451783,4.87499367006036,2.90233052332747,"2018","ICELAND"
"60","MALE",1.2971673476426,490.247935466018,4.60656697698129,2.45630842106364,"2018","ICELAND"
"61","FEMALE",1.86948512292524,383.446724963073,9.90358375790628,3.45832580783304,"2018","INDONESIA"
"62","MALE",2.22604425018809,373.734526797273,10.5517123670374,3.60560134266731,"2018","INDONESIA"
"63","FEMALE",1.88362929399876,496.676173671906,5.19983478703996,2.69663253159169,"2018","IRELAND"
"64","MALE",0.803856397459882,502.623568613612,7.37636680730109,2.87412749273705,"2018","IRELAND"
"65","FEMALE",2.17451009655632,467.386362246446,10.1109684364124,3.53594818155249,"2018","ISRAEL"
"66","MALE",3.15197292255268,458.193635285558,23.5433358744812,5.19716327329526,"2018","ISRAEL"
"67","FEMALE",1.88374735480002,478.548682990105,7.7198979415779,3.12922035527349,"2018","ITALY"
"68","MALE",0.362392823038804,494.090670231885,10.7826155012929,3.34383725779763,"2018","ITALY"
"69","FEMALE",1.06967632107764,522.034617536026,7.01382519048419,2.86189956910958,"2018","JAPAN"
"70","MALE",0.920152881092116,532.156109627178,10.7070024484531,3.42332741899667,"2018","JAPAN"
"71","FEMALE",0.654658770528774,402.783273076372,9.07514738505518,3.12973993051129,"2018","JORDAN"
"72","MALE",1.79809789850797,396.631269400915,25.0211824686919,5.19606487229044,"2018","JORDAN"
"73","FEMALE",3.31918639116576,422.482002862951,3.3607822869569,2.64799684993001,"2018","KAZAKHSTAN"
"74","MALE",0.330637414894501,423.773931872768,3.80523222621337,2.04179660656916,"2018","KAZAKHSTAN"
"75","FEMALE",1.02315079492038,523.814004561439,15.2192441611694,4.04285914119968,"2018","KOREA"
"76","MALE",0.844793350874563,527.856147498456,16.0576960502154,4.12152504980588,"2018","KOREA"
"77","FEMALE",0.880899643610966,363.776532478771,2.74001293836993,1.92587708495168,"2018","KOSOVO"
"78","MALE",1.80318973938292,367.993933192901,2.60981341380874,2.14320370640076,"2018","KOSOVO"
"79","FEMALE",2.59064881313676,492.794753924563,3.1890287046322,2.4573852768914,"2018","LATVIA"
"80","MALE",1.82360678448082,499.563002249915,3.05377517274417,2.24938716891359,"2018","LATVIA"
"81","FEMALE",1.45134029201207,393.305183980399,14.1820347686118,3.97221715038655,"2018","LEBANON"
"82","MALE",1.65486645435793,393.618815618127,23.2451159524273,5.0065426246284,"2018","LEBANON"
"83","FEMALE",4.0637479756405,482.453799078649,2.81993436886754,2.70001058184447,"2018","LITHUANIA"
"84","MALE",2.58443784853556,479.982688248683,2.99760425081212,2.41670972278452,"2018","LITHUANIA"
"85","FEMALE",1.09206552877442,479.624474319127,1.58712687014051,1.66984997882815,"2018","LUXEMBOURG"
"86","MALE",0.451810379620032,487.114450610879,1.69386337252351,1.48015363733146,"2018","LUXEMBOURG"
"87","FEMALE",2.1791330475445,555.767268195547,2.46482293192443,2.20496469001737,"2018","MACAO"
"88","MALE",2.06688546972951,559.522914619665,2.42200942439186,2.16692949610603,"2018","MACAO"
"89","FEMALE",0.952608144507384,443.48121557479,9.21425309467547,3.20345470603747,"2018","MALAYSIA"
"90","MALE",1.84500736605287,436.760400859543,9.98608298255749,3.46635126396845,"2018","MALAYSIA"
"91","FEMALE",2.40310719826437,478.415380853535,4.83387042983691,2.73446308220238,"2018","MALTA"
"92","MALE",1.7264929755163,465.585838634637,3.98834302342557,2.42641408182806,"2018","MALTA"
"93","FEMALE",0.987095232995854,403.165629107169,6.44558941963504,2.74433856802153,"2018","MEXICO"
"94","MALE",1.31459670601296,414.917808706934,6.82070707347543,2.87519798450293,"2018","MEXICO"
"95","FEMALE",1.39041479423519,421.670051029767,6.98895387732058,2.91863155450963,"2018","MOLDOVA"
"96","MALE",0.642332573411773,419.595122029875,6.38105357135558,2.66225832745595,"2018","MOLDOVA"
"97","FEMALE",2.85559165056417,425.316089322742,1.60894508835931,2.17947147354121,"2018","MONTENEGRO"
"98","MALE",1.46987053619135,433.555980870941,1.82941914628787,1.85641502259014,"2018","MONTENEGRO"
"99","FEMALE",1.16279190015286,367.278386077557,10.5128134409715,3.43393135212975,"2018","MOROCCO"
"100","MALE",1.50205450377976,368.137377728553,11.8223725227192,3.67078090831868,"2018","MOROCCO"
"101","FEMALE",3.09123189473293,494.115591038685,17.1193605589638,4.52986927440186,"2018","MOSCOW REGION (RUS)"
"102","MALE",1.84486697521696,495.654468963085,21.3543546853678,4.83567041454507,"2018","MOSCOW REGION (RUS)"
"103","FEMALE",1.10100026402025,518.547571749966,5.88097666414233,2.66309537091044,"2018","NETHERLANDS"
"104","MALE",1.80010048304057,519.910894651173,10.2562458716009,3.49805037169928,"2018","NETHERLANDS"
"105","FEMALE",0.469768430701278,490.021524581566,4.61953326288043,2.26633592758263,"2018","NEW ZEALAND"
"106","MALE",1.57752211257516,498.888017335768,4.43853385615227,2.48471490919682,"2018","NEW ZEALAND"
"107","FEMALE",1.71701896123855,398.329589392179,2.43740447768866,2.07993397372394,"2018","NORTH MACEDONIA"
"108","MALE",1.17104113544209,390.933268619618,2.41175035364712,1.92351126917245,"2018","NORTH MACEDONIA"
"109","FEMALE",1.39057091414937,504.505443030845,5.32413763549194,2.61796975556561,"2018","NORWAY"
"110","MALE",1.71738911171581,497.498507607864,4.55025962328763,2.53759485461628,"2018","NORWAY"
"111","FEMALE",1.49000259165653,349.046437028258,7.41595132976503,3.00914509131534,"2018","PANAMA"
"112","MALE",2.03496748719896,356.704538843702,9.15702626737224,3.37572073834479,"2018","PANAMA"
"113","FEMALE",0.480432794940029,391.508138149931,6.22388893346285,2.59853131747472,"2018","PERU"
"114","MALE",1.2980354008089,407.837234150718,9.19914973997115,3.25990623804749,"2018","PERU"
"115","FEMALE",3.4982634342673,358.036730077752,10.1124324469148,3.73637822290635,"2018","PHILIPPINES"
"116","MALE",4.10877347325833,346.389173072128,11.3464328785286,3.98322528852094,"2018","PHILIPPINES"
"117","FEMALE",0.705629746521002,514.948470604307,8.87666193724965,3.10690435295694,"2018","POLAND"
"118","MALE",1.19048675337245,516.348043391563,7.19037264071614,2.91546018141662,"2018","POLAND"
"119","FEMALE",1.22393618679635,487.913088836217,8.51093769376457,3.13962856071233,"2018","PORTUGAL"
"120","MALE",1.036162009647,496.931424193776,8.11486105381372,3.04214385991613,"2018","PORTUGAL"
"121","FEMALE",1.52116561602205,426.395811443038,0.717398508488012,1.54618261732315,"2018","QATAR"
"122","MALE",1.09821750818053,402.409746880858,0.84991866933398,1.43455844367965,"2018","QATAR"
"123","FEMALE",1.00627378257596,427.219899786713,30.2631203828947,5.6008947092164,"2018","ROMANIA"
"124","MALE",1.5230745390893,432.455805222621,22.6278148491693,4.92982726291373,"2018","ROMANIA"
"125","FEMALE",0.732782730845675,485.457089053246,8.8015469370096,3.09961416001086,"2018","RUSSIAN FEDERATION"
"126","MALE",1.17316924628247,490.15444832795,9.10433303509623,3.22409975124948,"2018","RUSSIAN FEDERATION"
"127","FEMALE",4.11112815078913,379.967787737924,11.3449239465961,3.98336100704721,"2018","SAUDI ARABIA"
"128","MALE",1.08226175531869,366.919779227983,13.4672062461492,3.82853681933447,"2018","SAUDI ARABIA"
"129","FEMALE",1.37748013200663,446.80273225938,10.293291618474,3.43635268325027,"2018","SERBIA"
"130","MALE",1.78476703943509,449.708252299951,13.5512264709503,3.93884122735722,"2018","SERBIA"
"131","FEMALE",2.9867399488139,566.893618836557,2.07745965101238,2.31578789933527,"2018","SINGAPORE"
"132","MALE",0.862889981990446,571.041480022562,1.53822079390482,1.57714925549052,"2018","SINGAPORE"
"133","FEMALE",1.14017142444937,483.90195629023,9.16330145721557,3.22761367330569,"2018","SLOVAK REPUBLIC"
"134","MALE",2.46953330534947,488.4590582843,7.24584119712815,3.15631554712335,"2018","SLOVAK REPUBLIC"
"135","FEMALE",0.675956062735072,508.590193393517,2.5977409666384,1.82792030341779,"2018","SLOVENIA"
"136","MALE",0.926927721440495,509.190392560868,2.51466885584891,1.8799705714275,"2018","SLOVENIA"
"137","FEMALE",0.413797568655941,478.135910517175,1.72704322007957,1.47723408625753,"2018","SPAIN"
"138","MALE",1.68984146874867,484.568195214048,2.39542340464829,2.06258309414962,"2018","SPAIN"
"139","FEMALE",0.431807840743236,503.01281406083,8.90713586596607,3.0630253820012,"2018","SWEDEN"
"140","MALE",1.5637946061776,501.763165996711,7.65392052535211,3.06171432242583,"2018","SWEDEN"
"141","FEMALE",2.0215498581526,511.596413300341,10.3100047902326,3.54029795839284,"2018","SWITZERLAND"
"142","MALE",0.829133911820808,518.658138560747,7.91851232792162,2.9716257555292,"2018","SWITZERLAND"
"143","FEMALE",0.897226412948645,472.948572048485,9.79548354758984,3.28366146273232,"2018","TATARSTAN (RUS)"
"144","MALE",2.10548529156901,477.858256768564,9.11366290335661,3.38078344826795,"2018","TATARSTAN (RUS)"
"145","FEMALE",0.766271338911007,426.031218434408,12.8246488648228,3.69696461135685,"2018","THAILAND"
"146","MALE",3.0952407920597,410.060180873298,20.985518599884,4.93865198927295,"2018","THAILAND"
"147","FEMALE",1.04247348735327,451.015096440495,7.1065235705499,2.87284604645611,"2018","TURKEY"
"148","MALE",1.92126744858607,455.957953005309,7.86779731959159,3.15930237758849,"2018","TURKEY"
"149","FEMALE",2.38646262325767,449.435901906695,12.825893743498,3.93077633923395,"2018","UKRAINE"
"150","MALE",1.77713638239279,456.4317234134,16.292291034332,4.27166724534625,"2018","UKRAINE"
"151","FEMALE",1.72349294169788,439.320269559521,5.82837130801325,2.77924693826959,"2018","UNITED ARAB EMIRATES"
"152","MALE",2.02691252512049,430.453420313965,3.50999010686382,2.39574495397494,"2018","UNITED ARAB EMIRATES"
"153","FEMALE",0.620329514061439,495.858380500729,8.48796432043704,3.02825474257114,"2018","UNITED KINGDOM"
"154","MALE",0.847228827302893,508.034097971301,9.45090194213094,3.22224357430721,"2018","UNITED KINGDOM"
"155","FEMALE",0.791794192232442,473.846214414914,10.0423954184018,3.30353886459013,"2018","UNITED STATES"
"156","MALE",0.824383877486618,482.457690446764,14.3350072915493,3.90407857973999,"2018","UNITED STATES"
"157","FEMALE",1.74856948061204,413.673417332256,6.8249600125822,2.95776713776718,"2018","URUGUAY"
"158","MALE",2.39231307329849,422.006062669955,8.10863091515313,3.27722066632405,"2018","URUGUAY"
"159","FEMALE",NA,NA,NA,NA,"2018","VIETNAM"
"160","MALE",NA,NA,NA,NA,"2018","VIETNAM"
"161","FEMALE",0.73818473858587,417.7500290201,11.2883866361648,3.4785614625315,"2015","ALBANIA"
"162","MALE",1.1541658984672,408.545458273073,16.7910304897024,4.24977799161512,"2015","ALBANIA"
"163","FEMALE",2.19077200260366,363.072479283553,10.9074373205143,3.64928575523737,"2015","ALGERIA"
"164","MALE",0.692833071421965,356.495105684897,8.96467000341893,3.1187796302373,"2015","ALGERIA"
"165","FEMALE",4.01790913456106,446.03262442006,56.0619385969566,7.77699419087952,"2015","ARGENTINA (CIUDAD AUTÓNOMA DE BUENOS)"
"166","MALE",7.6477617403536,467.313534857188,55.2658281484226,7.97987255930892,"2015","ARGENTINA (CIUDAD AUTÓNOMA DE BUENOS)"
"167","FEMALE",3.54335466251346,490.98550064413,2.26479264012763,2.4824348468575,"2015","AUSTRALIA"
"168","MALE",1.12666202931246,496.761345264238,3.37252515147361,2.14752261541464,"2015","AUSTRALIA"
"169","FEMALE",1.4871567857275,483.133025916039,11.1942744001317,3.58191943857368,"2015","AUSTRIA"
"170","MALE",1.45084990362305,510.098216735808,12.9273436897935,3.81094195492123,"2015","AUSTRIA"
"171","FEMALE",2.37171910811782,528.194647734158,29.59362610665,5.67472617185883,"2015","B-S-J-G (CHINA)"
"172","MALE",2.14905909342683,534.010671023037,20.6076636097511,4.79287268895394,"2015","B-S-J-G (CHINA)"
"173","FEMALE",0.768656015357619,499.73902211218,6.77670613254047,2.76083823311578,"2015","BELGIUM"
"174","MALE",0.405226231598198,514.002571450851,8.91005693398074,3.05872617093109,"2015","BELGIUM"
"175","FEMALE",1.94246281518882,369.549308143938,6.73005509999039,2.97771123460588,"2015","BRAZIL"
"176","MALE",2.50825246293011,385.040590645429,7.57563489773968,3.21476478252497,"2015","BRAZIL"
"177","FEMALE",1.65782433529175,442.16311879941,17.0379446314395,4.34298876354297,"2015","BULGARIA"
"178","MALE",1.65528929930429,440.318935881274,21.221756063398,4.80026814799264,"2015","BULGARIA"
"179","FEMALE",1.52361551474238,511.141725659967,4.91812194205865,2.56789777995061,"2015","CANADA"
"180","MALE",1.78223995522769,520.166125559741,6.17301454906589,2.85192540221801,"2015","CANADA"
"181","FEMALE",1.52044730321758,413.448981005431,7.61891967647927,3.0481817055449,"2015","CHILE"
"182","MALE",1.33920371257843,431.79808741426,8.25142968989836,3.11842167991031,"2015","CHILE"
"183","FEMALE",1.72793449650076,539.441480747528,14.5235245049042,4.05268459802327,"2015","CHINESE TAIPEI"
"184","MALE",4.66267835671959,545.13817476115,17.3034300308648,4.73628295430672,"2015","CHINESE TAIPEI"
"185","FEMALE",0.749126070100079,384.488336261699,4.93876976397961,2.40058502059179,"2015","COLOMBIA"
"186","MALE",2.41799686735454,395.391120766716,8.15458037362985,3.28852199745111,"2015","COLOMBIA"
"187","FEMALE",3.68988851955494,392.31286282768,4.66784960850774,2.95410341390043,"2015","COSTA RICA"
"188","MALE",1.60185771925967,408.451613606322,6.14785330630599,2.81245387473139,"2015","COSTA RICA"
"189","FEMALE",1.89568305683869,457.961192191038,9.15912516222368,3.35326356326881,"2015","CROATIA"
"190","MALE",2.40601269101287,470.598668582278,10.7776689271873,3.66391633191882,"2015","CROATIA"
"191","FEMALE",1.44082945944986,488.66560559391,6.1459751105217,2.78044735895441,"2015","CZECH REPUBLIC"
"192","MALE",0.958855846739481,495.794164478989,9.56856071654469,3.25934075358164,"2015","CZECH REPUBLIC"
"193","FEMALE",1.10563656516512,506.374749691797,6.56872484189977,2.79014785693902,"2015","DENMARK"
"194","MALE",1.27294860512122,515.756468301291,5.03103891709248,2.53599731520477,"2015","DENMARK"
"195","FEMALE",2.01579221153104,329.745931372268,5.75494352751427,2.82352881341743,"2015","DOMINICAN REPUBLIC"
"196","MALE",3.03603661694176,325.586561283307,6.98165176451562,3.21267677228064,"2015","DOMINICAN REPUBLIC"
"197","FEMALE",1.55159209190388,516.872749383641,3.62554791425532,2.30917717279328,"2015","ESTONIA"
"198","MALE",1.48297823334316,522.080412569698,5.57687503702765,2.6848000100017,"2015","ESTONIA"
"199","FEMALE",1.96648702552803,514.964996458361,4.54061947572469,2.58916110039633,"2015","FINLAND"
"200","MALE",1.11071761014984,507.452840790692,5.58719888363823,2.60940381213852,"2015","FINLAND"
"201","FEMALE",1.08261391220796,489.954043602613,5.69908577203579,2.62487353513737,"2015","FRANCE"
"202","MALE",1.34486265425838,495.931688156605,7.0757102399026,2.92490327354373,"2015","FRANCE"
"203","FEMALE",0.751528763433762,374.73974458129,2.41253618789095,1.79978271679336,"2015","FYROM"
"204","MALE",1.48267235578361,368.237362535069,3.09829259192061,2.17467978867754,"2015","FYROM"
"205","FEMALE",0.918396060204688,410.596015662741,5.322529586794,2.5164986097789,"2015","GEORGIA"
"206","MALE",2.48997654047159,397.747792092675,12.6238649820774,3.91954578702637,"2015","GEORGIA"
"207","FEMALE",2.15495859110694,497.531079211752,6.59930025700981,2.99495487565797,"2015","GERMANY"
"208","MALE",4.01440911956244,514.117652407983,7.69498947990434,3.48006314762003,"2015","GERMANY"
"209","FEMALE",0.831024048185066,453.573222996651,12.1434255818094,3.61352349304844,"2015","GREECE"
"210","MALE",2.96427416271723,453.682054772531,18.6698010504193,4.68300145520031,"2015","GREECE"
"211","FEMALE",2.94436944971426,546.768210678821,14.8438151797731,4.25236658514512,"2015","HONG KONG"
"212","MALE",0.672190582004849,549.065845341461,12.0282735553676,3.57318949897328,"2015","HONG KONG"
"213","FEMALE",1.02156586931684,472.739508463872,8.07156798861664,3.032373731067,"2015","HUNGARY"
"214","MALE",2.63862097357885,480.905546081366,9.9365826537127,3.58316420564973,"2015","HUNGARY"
"215","FEMALE",1.38450694513739,488.586963728303,4.17987202076999,2.38805981089694,"2015","ICELAND"
"216","MALE",2.3430169876717,487.445648385884,5.67512355814407,2.87270643202241,"2015","ICELAND"
"217","FEMALE",2.45487879767799,387.44497531118,11.0171829494188,3.70372105143795,"2015","INDONESIA"
"218","MALE",1.3991265515337,384.779278817124,10.4703238602963,3.46545279393377,"2015","INDONESIA"
"219","FEMALE",0.976260608294998,495.444965996788,4.78226645378064,2.4199489917982,"2015","IRELAND"
"220","MALE",0.790739950551491,511.579656220434,7.89204842334976,2.96004431874869,"2015","IRELAND"
"221","FEMALE",2.2517231857284,465.516848751943,13.8500007610078,4.04065542521371,"2015","ISRAEL"
"222","MALE",2.8172654667477,473.990242108965,25.9636520953098,5.39097802896026,"2015","ISRAEL"
"223","FEMALE",1.28347646698181,479.823743363319,10.1570319161436,3.40130210799094,"2015","ITALY"
"224","MALE",1.39245128517007,499.762113087972,11.0055977153779,3.54080416417867,"2015","ITALY"
"225","FEMALE",1.73413752990786,525.495994782933,7.9646557969204,3.14200685546977,"2015","JAPAN"
"226","MALE",1.1150055355903,539.26725660302,13.5036263930022,3.83798547185259,"2015","JAPAN"
"227","FEMALE",2.98633652371761,387.377199782036,9.84377932881299,3.62336163043414,"2015","JORDAN"
"228","MALE",0.87402016587129,373.001316806752,15.0575765837457,4.0023741412072,"2015","JORDAN"
"229","FEMALE",2.35307207723276,527.756665690765,12.9252942054874,3.93874008922186,"2015","KOREA"
"230","MALE",1.66315024255121,520.766938715789,25.5939349145849,5.23673564173248,"2015","KOREA"
"231","FEMALE",1.48526269562694,356.729449146193,2.84725587685988,2.11684785519638,"2015","KOSOVO"
"232","MALE",1.11425051538336,366.189423825044,3.75738394412665,2.23227675503024,"2015","KOSOVO"
"233","FEMALE",1.73193480456442,483.257255323444,4.14345547345822,2.45938686637119,"2015","LATVIA"
"234","MALE",2.82470801316037,481.355784388362,3.56620923285875,2.5832901593385,"2015","LATVIA"
"235","FEMALE",0.434173512498669,385.989212106163,14.7239720839614,3.89891817658564,"2015","LEBANON"
"236","MALE",1.71165956391194,408.057113353199,17.7242989359428,4.42799327644543,"2015","LEBANON"
"237","FEMALE",0.707479743668099,479.017775579564,5.59457707088641,2.52444148058958,"2015","LITHUANIA"
"238","MALE",0.574440714094574,477.767725496126,7.3647403609327,2.82783046635344,"2015","LITHUANIA"
"239","FEMALE",2.40938411827021,480.1360282637,1.24168419567683,1.97281695191775,"2015","LUXEMBOURG"
"240","MALE",2.06446903089572,491.48306320694,1.74796363627926,2.0047143363244,"2015","LUXEMBOURG"
"241","FEMALE",0.580753975422686,547.922680785722,1.65549581726313,1.51470300396747,"2015","MACAO"
"242","MALE",1.06296107283692,539.723832067005,1.56562597632397,1.65374821434358,"2015","MACAO"
"243","FEMALE",1.7483128677795,480.673091284027,3.89211859309989,2.41148558935303,"2015","MALTA"
"244","MALE",0.896152625988063,476.676792944427,4.58481317483622,2.36020784326785,"2015","MALTA"
"245","FEMALE",1.07299700412883,495.620602632668,41.1760557863858,6.50817581899318,"2015","MASSACHUSETTES (USA)"
"246","MALE",4.94591071943572,504.62910279479,27.4955286682566,5.73899211182904,"2015","MASSACHUSETTES (USA)"
"247","FEMALE",0.466535615040351,404.334868980059,5.08842916785733,2.36677382620345,"2015","MEXICO"
"248","MALE",0.462046930383469,411.610512206855,6.62712818501382,2.67121317165733,"2015","MEXICO"
"249","FEMALE",3.1260048105784,420.607739273313,6.41403888622103,3.13889218958811,"2015","MOLDOVA"
"250","MALE",0.947684196665477,418.727257733692,7.12116986350951,2.85720536186,"2015","MOLDOVA"
"251","FEMALE",2.13947558814026,417.726542831844,1.50366718927082,1.96394764090724,"2015","MONTENEGRO"
"252","MALE",1.26279616182596,418.132578314106,3.16149983848001,2.13320782308911,"2015","MONTENEGRO"
"253","FEMALE",0.983521664833018,511.015940878905,4.93329401853094,2.4525839129064,"2015","NETHERLANDS"
"254","MALE",0.63694237127011,513.497846618102,6.00963584457024,2.59041935851463,"2015","NETHERLANDS"
"255","FEMALE",1.5004614533451,490.92190711532,5.73989318802975,2.71852915870133,"2015","NEW ZEALAND"
"256","MALE",3.29079909361046,499.470546599494,8.1978957267301,3.43769904583016,"2015","NEW ZEALAND"
"257","FEMALE",3.82975572503574,468.083029616463,23.4985855524132,5.2641539538612,"2015","NORTH CAROLINA (USA)"
"258","MALE",1.78860246709957,473.669799527785,21.2017440475901,4.81344022102691,"2015","NORTH CAROLINA (USA)"
"259","FEMALE",0.212275297526545,502.873655855343,5.19558284313847,2.33003984309661,"2015","NORWAY"
"260","MALE",2.02644933143002,500.614925918493,6.07204754958455,2.88117021610275,"2015","NORWAY"
"261","FEMALE",1.72155001738248,381.797155726194,8.55907018873998,3.23307519366016,"2015","PERU"
"262","MALE",1.41473832466701,391.278590588895,7.41044309343701,2.99443738464686,"2015","PERU"
"263","FEMALE",0.739072824659448,498.646656574504,6.99000439244516,2.79338226878645,"2015","POLAND"
"264","MALE",0.646132055455751,510.087695629262,7.20016796552011,2.8126345703844,"2015","POLAND"
"265","FEMALE",1.36718159718391,486.5997396309,6.0185367818581,2.74270606131251,"2015","PORTUGAL"
"266","MALE",0.764261699577088,496.560576695577,8.30346271124652,3.02392965870262,"2015","PORTUGAL"
"267","FEMALE",2.48130096149872,381.546124527963,24.3171833028294,5.20063595731118,"2015","PUERTO RICO (USA)"
"268","MALE",2.82211504802237,375.164355940615,42.6918791842594,6.76728939362608,"2015","PUERTO RICO (USA)"
"269","FEMALE",2.15311141621826,408.321432382081,0.781981367710462,1.77493772441473,"2015","QATAR"
"270","MALE",2.05874393747054,396.754692459817,1.0385440817828,1.81746042955559,"2015","QATAR"
"271","FEMALE",0.663274034950385,443.651001050837,15.7198437416211,4.05579156023414,"2015","ROMANIA"
"272","MALE",1.31633030554851,444.260508982357,15.8919093087362,4.16411727078375,"2015","ROMANIA"
"273","FEMALE",0.441340185398548,491.121915288956,9.65803465469275,3.18488757393902,"2015","RUSSIAN FEDERATION"
"274","MALE",2.78828872838345,497.089109828403,12.5903496512142,3.95695176271281,"2015","RUSSIAN FEDERATION"
"275","FEMALE",0.589881444190627,564.254535014731,2.40278625697902,1.74689892254495,"2015","SINGAPORE"
"276","MALE",1.70093234317638,564.128998342052,2.52459405705625,2.09657330769765,"2015","SINGAPORE"
"277","FEMALE",2.34675490499664,472.270798699335,10.4348517481837,3.60780849598201,"2015","SLOVAK REPUBLIC"
"278","MALE",1.1670175309557,478.014761847553,7.56773696529331,2.97513970249207,"2015","SLOVAK REPUBLIC"
"279","FEMALE",1.94887967696366,507.949221349456,2.71797155202034,2.20493519103859,"2015","SLOVENIA"
"280","MALE",1.23630603387882,511.763731080384,2.32636771306075,1.91997509106953,"2015","SLOVENIA"
"281","FEMALE",1.5064069629685,477.859261108733,5.99433546476844,2.76611336066217,"2015","SPAIN"
"282","MALE",0.34880115665508,493.848504007973,5.26662276878861,2.37703681946856,"2015","SPAIN"
"283","FEMALE",1.27406362480158,479.479787518652,2.17290617656683,1.89060206385388,"2015","SPAIN (REGIONS)"
"284","MALE",1.12903239807714,492.84296531468,1.69157009126374,1.71274800515096,"2015","SPAIN (REGIONS)"
"285","FEMALE",0.935496059364128,495.052563137893,9.60352158153586,3.26076175867487,"2015","SWEDEN"
"286","MALE",1.79361164797772,492.804134752548,12.7715657385655,3.83986178805188,"2015","SWEDEN"
"287","FEMALE",1.08780289694423,514.983162291236,11.1370113919414,3.5119217785395,"2015","SWITZERLAND"
"288","MALE",1.4768903501675,527.0155328931,8.83924627776553,3.23478371192724,"2015","SWITZERLAND"
"289","FEMALE",1.64150068857808,416.729663822636,9.58779050576632,3.37541719839225,"2015","THAILAND"
"290","MALE",1.17818044935792,413.809194876651,12.6271316799299,3.73137108503344,"2015","THAILAND"
"291","FEMALE",1.2594366993112,425.934147829183,2.50352182217667,1.97202996717063,"2015","TRINIDAD AND TOBAGO"
"292","MALE",1.68657999429137,408.329783425403,2.39863639129605,2.06249227514106,"2015","TRINIDAD AND TOBAGO"
"293","FEMALE",1.50774104250734,363.999628774049,8.79893701445791,3.23379841072631,"2015","TUNISIA"
"294","MALE",1.48790813565632,370.081434428878,10.0951777167702,3.4251827200884,"2015","TUNISIA"
"295","FEMALE",0.878437384284363,417.527010070701,22.587603013429,4.85323439946412,"2015","TURKEY"
"296","MALE",1.82237219328817,423.377692783627,19.1003121665858,4.59400931422682,"2015","TURKEY"
"297","FEMALE",0.765815700190394,430.702033929489,7.55308367184491,2.89749563279297,"2015","UNITED ARAB EMIRATES"
"298","MALE",3.0231284656098,424.173385660963,11.6125744396774,3.86497293028659,"2015","UNITED ARAB EMIRATES"
"299","FEMALE",1.18831420492359,486.574589188078,8.19433193147301,3.0824466835436,"2015","UNITED KINGDOM"
"300","MALE",0.462702572390485,498.200531669455,8.15510328511991,2.94348027252595,"2015","UNITED KINGDOM"
"301","FEMALE",1.22110153553838,465.368528826932,10.5128632474852,3.44326515629823,"2015","UNITED STATES"
"302","MALE",1.60207020978597,473.885733648733,11.4226333298105,3.63110321535688,"2015","UNITED STATES"
"303","FEMALE",1.51301540745663,411.502359481535,4.3560881707939,2.45365138497632,"2015","URUGUAY"
"304","MALE",3.87255532882785,425.137937981785,8.65228094902071,3.59333992418354,"2015","URUGUAY"
"305","FEMALE",1.54901324586182,496.005945993258,21.7465243152255,4.84256532074411,"2015","VIETNAM"
"306","MALE",1.11087856647009,492.959137506309,20.5301511086192,4.66391654425079,"2015","VIETNAM"
"307","Female",0.564518003065534,394.673290831599,5.95406893423368,2.57516806012973,"2012","Albania"
"308","Male",0.937168587432955,394.007619040307,5.59448382095955,2.59212000607208,"2012","Albania"
"309","Female",0.186190677183758,381.703703035247,11.2943574367937,3.39378641776618,"2012","Argentina"
"310","Male",0.394385442225407,395.557311566373,17.0446461105266,4.18544007736308,"2012","Argentina"
"311","Female",0.0881498358228282,497.821350427041,4.05898344278904,2.0407751580653,"2012","Australia"
"312","Male",0.160839355442482,510.114851505064,5.59274880569439,2.40535985503736,"2012","Australia"
"313","Female",0.356368285728297,494.462264615126,10.1900866588144,3.25848563011843,"2012","Austria"
"314","Male",0.167745605494342,516.681833771901,14.7039872969122,3.86073594325038,"2012","Austria"
"315","Female",0.25160935884618,508.934611699132,6.26166085437887,2.56195083578789,"2012","Belgium"
"316","Male",0.319010233339737,520.081208007761,7.96153849637498,2.88865899274779,"2012","Belgium"
"317","Female",0.0994793316337426,380.486760026892,4.58919265178673,2.16992346633406,"2012","Brazil"
"318","Male",0.144538802965939,397.165955484052,4.32853006964665,2.12178618932393,"2012","Brazil"
"319","Female",0.190959578511202,440.012640398952,17.6505778084375,4.22844289338888,"2012","Bulgaria"
"320","Male",0.0253519569555101,437.551220439671,21.9371496972956,4.68695765349359,"2012","Bulgaria"
"321","Female",0.117223456033527,513.019098947314,4.06819827492758,2.0515521982557,"2012","Canada"
"322","Male",0.104255734816246,523.140270125604,4.46517530055149,2.14249438326708,"2012","Canada"
"323","Female",0.63762788338826,410.543252332794,8.69046255330182,3.07499853875863,"2012","Chile"
"324","Male",0.264917559802679,435.524618319865,14.2854948130051,3.82143898090344,"2012","Chile"
"325","Female",0.352203543579838,557.220245235793,31.843498017448,5.68032941560116,"2012","Chinese Taipei"
"326","Male",0.147619543038089,562.52935058784,28.9724681294988,5.39903802368019,"2012","Chinese Taipei"
"327","Female",0.117252153474527,364.493877753134,9.98258273432351,3.18171106772644,"2012","Colombia"
"328","Male",0.0985472340608716,389.960416006495,11.5818141689461,3.42053663184874,"2012","Colombia"
"329","Female",0.0928497082972012,395.916235224776,9.27023721297081,3.06294904674032,"2012","Costa Rica"
"330","Male",0.556618820243866,419.543709877061,11.9767092687701,3.55593192469467,"2012","Costa Rica"
"331","Female",0.0535636427760067,465.238953157832,13.915918535403,3.73900988320895,"2012","Croatia"
"332","Male",0.0823973959190793,476.796640830426,19.3622583311016,4.41147766697333,"2012","Croatia"
"333","Female",1.39150000811493,492.903221835509,11.08198550108,3.5709642270426,"2012","Czech Republic"
"334","Male",0.940312665989706,504.710096922275,12.760247586622,3.72674426085419,"2012","Czech Republic"
"335","Female",0.0209014839089618,493.028740779051,5.18446862479892,2.28244395451228,"2012","Denmark"
"336","Male",0.128557675206571,506.953235208345,8.12504762762435,2.87738020391332,"2012","Denmark"
"337","Female",0.0623879024294421,517.929829555403,4.80595353653882,2.20925757200335,"2012","Estonia"
"338","Male",0.646686767339278,523.214219885321,5.96939966868558,2.59719536991207,"2012","Estonia"
"339","Female",0.315819697411193,520.185480648012,4.28268404382156,2.15908954902639,"2012","Finland"
"340","Male",0.229540207555911,517.390885399188,6.62824103892813,2.62748725743727,"2012","Finland"
"341","Female",0.642476355480021,490.85261798595,5.72665259868589,2.54904378645442,"2012","France"
"342","Male",0.874253931350929,499.354754058029,10.5770706992779,3.4097177913867,"2012","France"
"343","Female",0.247515576895942,506.624554065193,11.0920449631836,3.37476868177047,"2012","Germany"
"344","Male",0.00604630398998381,520.190106570375,9.24360093953361,3.04152207033281,"2012","Germany"
"345","Female",0.451901761125287,448.984410651826,6.36570595915058,2.6283051711133,"2012","Greece"
"346","Male",0.113566537240065,457.038745126375,10.8414235639006,3.31326174767232,"2012","Greece"
"347","Female",0.80926919687828,552.956537596155,14.5879814752512,3.94450307535755,"2012","Hong Kong-China"
"348","Male",0.0851906106371619,568.377694801662,20.6077595594338,4.5508228148543,"2012","Hong Kong-China"
"349","Female",0.0525434643919721,472.66350776682,13.1622656837188,3.63666300899453,"2012","Hungary"
"350","Male",1.16441003100209,481.749055234648,12.5807704943625,3.73872471994998,"2012","Hungary"
"351","Female",0.324502708280662,495.946917712777,4.88659678409409,2.29695451283452,"2012","Iceland"
"352","Male",0.401318689836053,489.719982827295,4.66785108234747,2.26923632752315,"2012","Iceland"
"353","Female",0.749045555560827,372.784517816068,17.8668175294919,4.33193631026183,"2012","Indonesia"
"354","Male",0.067783815554159,377.375509317166,19.3859562453742,4.4121759738296,"2012","Indonesia"
"355","Female",0.0406007822783164,493.704747643372,6.79395917934079,2.61585170032148,"2012","Ireland"
"356","Male",0.279727118213382,509.034818351039,10.2454232753224,3.25285963687006,"2012","Ireland"
"357","Female",0.49178694913155,460.749245384417,11.3698151862658,3.45831744136129,"2012","Israel"
"358","Male",0.346250070528504,472.397769452079,60.7412345856014,7.82027714791718,"2012","Israel"
"359","Female",0.0705611431285537,475.794306257622,4.80910367543519,2.2121882937918,"2012","Italy"
"360","Male",0.223511232707333,494.199436115747,5.69507237093312,2.44198399875632,"2012","Italy"
"361","Female",0.0904837821359231,527.011233082815,12.7618967728784,3.58754474696016,"2012","Japan"
"362","Male",0.203852038564379,544.884436172877,21.0578054180528,4.6154553257864,"2012","Japan"
"363","Female",0.436458267604767,395.841478834763,8.92268845824092,3.07350587755524,"2012","Jordan"
"364","Male",0.13424589438407,375.099358320402,28.8309595071499,5.38442704290909,"2012","Jordan"
"365","Female",0.103366113745345,431.557436261504,11.0865526449376,3.34822221207495,"2012","Kazakhstan"
"366","Male",0.410672361888297,432.041202642527,11.0018736316852,3.390380578335,"2012","Kazakhstan"
"367","Female",0.17640618948026,544.193124828203,26.0855769985824,5.12808584424624,"2012","Korea"
"368","Male",0.48511282715394,562.113943948862,33.2925743919403,5.8201984317139,"2012","Korea"
"369","Female",0.204807341880751,492.521322070478,9.86162131911364,3.17921218690583,"2012","Latvia"
"370","Male",0.7434690822043,488.655451345567,10.6255214531994,3.39377140536079,"2012","Latvia"
"371","Female",1.46969738375874,522.986513552722,31.3053774232274,5.75056643155593,"2012","Liechtenstein"
"372","Male",4.87966394571937,545.508993332156,30.3375637457031,6.01607517244975,"2012","Liechtenstein"
"373","Female",0.189171767371299,478.735816171503,8.57380982952813,2.96661692005788,"2012","Lithuania"
"374","Male",0.269316788311158,478.909411030185,7.75045065740437,2.84141352206569,"2012","Lithuania"
"375","Female",0.393236415023562,477.116835594974,1.52176776664198,1.41196723215174,"2012","Luxembourg"
"376","Male",0.698234076157758,502.192672546279,1.51222585009359,1.53300578651318,"2012","Luxembourg"
"377","Female",0.0452858196334763,536.674922406041,1.61295153943102,1.29123759354783,"2012","Macao-China"
"378","Male",0.174835093830403,539.522018542893,1.81604300586206,1.42332186045832,"2012","Macao-China"
"379","Female",0.482405355688318,424.286966675729,13.0960313649543,3.6979613020934,"2012","Malaysia"
"380","Male",0.16082655496736,416.481633986157,13.4412170987142,3.69245297392872,"2012","Malaysia"
"381","Female",0.0330228479239496,406.426922155099,1.99901690273666,1.42781102399631,"2012","Mexico"
"382","Male",0.0333932686491954,420.410663581246,2.3747332329092,1.55396433526907,"2012","Mexico"
"383","Female",0.557696317600515,409.556011690693,1.9858947845532,1.62945707696577,"2012","Montenegro"
"384","Male",0.30672508065365,409.697142656943,2.06384935117672,1.55946126850304,"2012","Montenegro"
"385","Female",0.456801920041219,517.737791604286,15.0214546392467,3.9458353923214,"2012","Netherlands"
"386","Male",0.514714045146514,527.966576128594,12.0580767669707,3.56029965328011,"2012","Netherlands"
"387","Female",0.406287542519253,492.057077948122,8.04605967364301,2.92123342522745,"2012","New Zealand"
"388","Male",0.311307808995149,507.111554524596,9.90011640453856,3.20525908084397,"2012","New Zealand"
"389","Female",0.10215938914152,488.293198339765,11.6660924070846,3.433465257441,"2012","Norway"
"390","Male",0.320618111515673,490.399397567888,7.43184443189188,2.79581583186566,"2012","Norway"
"391","Female",1.30400679920172,479.783348146249,24.4813099495866,5.10353976261855,"2012","Perm(Russian Federation)"
"392","Male",0.319530911502801,487.118614381978,43.3884128108453,6.61602976902679,"2012","Perm(Russian Federation)"
"393","Female",0.55242800603352,358.921352628582,21.9173953074502,4.75187425282808,"2012","Peru"
"394","Male",0.140750949550493,377.817255496594,13.142584925662,3.6484909298397,"2012","Peru"
"395","Female",0.100224495928688,515.532589578569,13.9830778357603,3.7554423482294,"2012","Poland"
"396","Male",0.242265105763399,519.563827472125,17.7756969567765,4.25046057312529,"2012","Poland"
"397","Female",0.557117360693858,481.295762497916,14.5987348079836,3.90733613102536,"2012","Portugal"
"398","Male",0.150395784285052,492.703326849516,16.6734677958146,4.10535537279742,"2012","Portugal"
"399","Female",0.0382631459464118,384.664516623241,0.835266792788553,0.938713251171116,"2012","Qatar"
"400","Male",0.15518465912843,368.742017346876,0.989187751401689,1.08416296854108,"2012","Qatar"
"401","Female",1.25980142520302,442.674190763714,14.7192352683314,4.02877114993828,"2012","Romania"
"402","Male",0.239335281401744,446.513237611238,18.3897245651423,4.32168102742722,"2012","Romania"
"403","Female",0.0224423143934777,482.944378401129,9.31400017445505,3.05629366254737,"2012","Russian Federation"
"404","Male",0.561741660286632,481.39413289727,12.9716293309234,3.69401127817274,"2012","Russian Federation"
"405","Female",0.113957397973494,444.303873160223,13.5229019672678,3.69589648729993,"2012","Serbia"
"406","Male",0.502233304060717,453.456712562269,16.5432226471583,4.14076111506462,"2012","Serbia"
"407","Female",0.505748999149038,609.888476471334,10.8450925367918,3.38407909715046,"2012","Shanghai-China"
"408","Male",0.552854573358012,615.607489738761,15.0951983871518,3.96971332405521,"2012","Shanghai-China"
"409","Female",0.13018410887266,575.141562828347,3.02778053993683,1.78437705392779,"2012","Singapore"
"410","Male",0.169504718938492,571.863686635064,3.29952445308767,1.87161163594744,"2012","Singapore"
"411","Female",0.646408195524044,476.711643907953,15.6445494619357,4.05218944480198,"2012","Slovak Republic"
"412","Male",0.47016255770306,486.133511721859,16.1817793485488,4.09218455324201,"2012","Slovak Republic"
"413","Female",0.178077220335355,499.387323576135,3.76099751998968,1.99366250513774,"2012","Slovenia"
"414","Male",1.05738000432221,502.747876712879,2.66450621236572,1.98327058606544,"2012","Slovenia"
"415","Female",0.276644960883538,475.964674682331,3.55071268623688,1.97045340957281,"2012","Spain"
"416","Male",0.208476782380983,492.422392241582,5.61425891099735,2.42165873934676,"2012","Spain"
"417","Female",0.138113982626462,479.62896482249,5.63868472300467,2.40923670529826,"2012","Sweden"
"418","Male",0.136115808665623,476.916494327292,8.65062772074891,2.96883254683515,"2012","Sweden"
"419","Female",0.104250798302488,524.472717894848,9.51719192291658,3.10520416090143,"2012","Switzerland"
"420","Male",0.299639052453429,537.368777759939,11.986424922121,3.51368635268789,"2012","Switzerland"
"421","Female",0.180879794142937,432.717380206648,16.3421344696908,4.06929849269654,"2012","Thailand"
"422","Male",0.133759120136165,419.133660784112,12.9015554264855,3.61414808366354,"2012","Thailand"
"423","Female",0.256922795038685,380.728224621465,15.9855358681412,4.03656329346978,"2012","Tunisia"
"424","Male",0.0934597461475045,395.946962847771,18.5374375026804,4.31851701375106,"2012","Tunisia"
"425","Female",0.201657238909393,443.947870517509,31.7760038696348,5.65844435833084,"2012","Turkey"
"426","Male",0.33909611255412,451.933741263908,25.6644540362159,5.10601306023407,"2012","Turkey"
"427","Female",0.0506988336381508,436.398465672947,9.07035112628658,3.02178585056128,"2012","United Arab Emirates"
"428","Male",0.424412443231417,431.512912590586,13.770665510858,3.77888349155352,"2012","United Arab Emirates"
"429","Female",0.470100986678646,487.814888914803,14.1603003301644,3.83724139378522,"2012","United Kingdom"
"430","Male",0.112724607022358,500.294931221312,17.4634285625362,4.19508022461586,"2012","United Kingdom"
"431","Female",1.0154062575612,478.995328641364,14.064906479904,3.90939816199084,"2012","United States of America"
"432","Male",0.495765790311779,483.64699069128,13.9269354714081,3.81075509837384,"2012","United States of America"
"433","Female",0.0326346189412924,403.945623980606,8.18148574906287,2.86716711961344,"2012","Uruguay"
"434","Male",0.354657918151837,415.353234299267,11.7833233772897,3.49412548130028,"2012","Uruguay"
"435","Female",0.0882102615478826,506.738588953329,21.5488610202034,4.65346251022406,"2012","Viet Nam"
"436","Male",0.259612489015062,516.638996339448,30.7049536002601,5.5692448848186,"2012","Viet Nam"
"437","Female",0.855226103179693,382.900455211198,16.6006770720585,4.1984459500956,"2009","Albania"
"438","Male",1.48440695029789,372.292672729418,20.6221511043635,4.73322717020015,"2009","Albania"
"439","Female",0.097727087148671,383.23483653846,19.0261024135539,4.37531426507083,"2009","Argentina"
"440","Male",0.303277490112689,393.671847561461,19.9047439560631,4.50207473774019,"2009","Argentina"
"441","Female",0.271179124235289,509.480660629765,7.69176113589185,2.83146182827426,"2009","Australia"
"442","Male",0.154107675279579,519.417794161,8.80734077410573,2.99871138731976,"2009","Australia"
"443","Female",0.0506290266306998,486.499394751573,16.1213575208335,4.02269963492061,"2009","Austria"
"444","Male",0.361597727644051,505.68307887237,10.8244492140573,3.35534893673224,"2009","Austria"
"445","Female",0.547974089644095,426.767732000233,8.61426284875232,3.04496826852518,"2009","Azerbaijan"
"446","Male",0.953099147174901,434.990361998151,8.37593890167035,3.08539428246703,"2009","Azerbaijan"
"447","Female",0.339568750747996,504.156917753138,8.34559410990451,2.9585598879864,"2009","Belgium"
"448","Male",0.317920935309077,525.915994106782,10.4833359554594,3.29618583787842,"2009","Belgium"
"449","Female",0.451344010567909,378.538972949138,6.39745290480517,2.63421064409942,"2009","Brazil"
"450","Male",0.219657122195651,394.047712816764,5.62886810730243,2.42743829044884,"2009","Brazil"
"451","Female",0.27535628623092,430.013676228846,35.7861734693799,6.00970889584987,"2009","Bulgaria"
"452","Male",0.823952586048619,426.258259587888,37.9540536194772,6.24041639017266,"2009","Bulgaria"
"453","Female",0.12405380522107,520.832035761135,2.73950199483769,1.69951950889155,"2009","Canada"
"454","Male",0.254643353615624,532.700254169891,3.67339721283702,1.99473538023863,"2009","Canada"
"455","Female",0.430445881038424,410.375905594987,12.6344712457391,3.62643162116497,"2009","Chile"
"456","Male",0.404540900319965,431.332705203327,13.133257841334,3.69035322451903,"2009","Chile"
"457","Female",0.183534449085368,540.702842401843,22.6360745937339,4.78082795472044,"2009","Chinese Taipei"
"458","Male",0.521043520880988,545.612047222655,22.833953559301,4.84347042773652,"2009","Chinese Taipei"
"459","Female",0.283239949154145,365.520319409515,10.484311471608,3.29001510795817,"2009","Colombia"
"460","Male",0.674583929272078,397.709896722545,15.3868808766858,4.02447283402587,"2009","Colombia"
"461","Female",0.265015497938325,397.498624263871,9.04538799834394,3.05996839785478,"2009","Costa Rica"
"462","Male",0.326227629557733,422.789574622218,10.985306219199,3.37294817254405,"2009","Costa Rica"
"463","Female",0.367061005757634,454.278629773934,14.9503977750091,3.92312005703601,"2009","Croatia"
"464","Male",0.294213494575606,464.961471691104,12.7321965974262,3.61735439111472,"2009","Croatia"
"465","Female",0.0832005372550675,490.178748555205,8.6290842312318,2.95447539775472,"2009","Czech Republic"
"466","Male",0.339259607626765,495.130607586919,14.9010899429939,3.91256967633114,"2009","Czech Republic"
"467","Female",0.181307882572361,495.292795546206,8.28485727909736,2.91589209988713,"2009","Denmark"
"468","Male",0.102464479104216,511.426427436295,8.76608577384659,2.98144984005628,"2009","Denmark"
"469","Female",1.24716849274862,507.537392598374,7.05252406214927,2.92388889211742,"2009","Estonia"
"470","Male",0.133759710047238,516.35905233329,8.0379014630324,2.86328711712414,"2009","Estonia"
"471","Female",0.116923014905726,539.212441676435,6.28043302426282,2.53391804171913,"2009","Finland"
"472","Male",0.256079695247988,541.79097900946,5.94143451271566,2.49974601650113,"2009","Finland"
"473","Female",0.33203796067455,488.855614227905,10.8541263872078,3.35448534651998,"2009","France"
"474","Male",0.440377772522811,505.118052901097,14.2911642654593,3.84962564316151,"2009","France"
"475","Female",0.519635545670495,381.146404164639,8.91784863016645,3.08891749403752,"2009","Georgia"
"476","Male",0.275029791557201,377.87827953635,8.95018635857054,3.04634569746101,"2009","Georgia"
"477","Female",0.542152042806498,504.824692075099,10.3888736703169,3.3225677000905,"2009","Germany"
"478","Male",0.374620228815901,520.392166261539,12.2927053880901,3.5696287849956,"2009","Germany"
"479","Female",0.448709620734737,459.307057235009,10.0924287701539,3.26050307698607,"2009","Greece"
"480","Male",0.161214259446453,473.13239656288,29.2398504095072,5.42524723131057,"2009","Greece"
"481","Female",1.28005392154297,547.202380650067,10.0082683341389,3.39769525413778,"2009","Hong Kong-China"
"482","Male",0.68102994271718,561.043341297762,16.542222995969,4.16646839988372,"2009","Hong Kong-China"
"483","Female",0.131139086956606,484.110617670494,15.3358699138712,3.93614491834576,"2009","Hungary"
"484","Male",0.119203358242387,496.128429514205,17.7358254741119,4.2283412236955,"2009","Hungary"
"485","Female",0.420127609080098,504.945428953715,3.14120791291226,1.90928286113095,"2009","Iceland"
"486","Male",0.285215107219621,508.41227598504,3.72057500471209,2.0156470756002,"2009","Iceland"
"487","Female",0.560447050347941,350.783744675393,29.3030011685171,5.47499202090146,"2009","India (2009 States)"
"488","Male",0.214105678200787,347.697448453599,22.0619861726983,4.7242896806334,"2009","India (2009 States)"
"489","Female",0.264248108514853,371.943267183224,15.5728165876681,3.98621553831274,"2009","Indonesia"
"490","Male",0.395614047891182,370.646665518321,16.2567354773745,4.09041224509754,"2009","Indonesia"
"491","Female",0.323840528972202,483.318059115251,8.70621594926292,3.01576268695492,"2009","Ireland"
"492","Male",0.193156330200275,490.859091534188,11.0899512639781,3.3647791696066,"2009","Ireland"
"493","Female",0.188812401806247,442.816617966609,10.4717806903264,3.27083407902233,"2009","Israel"
"494","Male",0.272926043840256,451.05957725724,21.6772115011809,4.69091918005301,"2009","Israel"
"495","Female",0.144643764310499,475.404158959527,4.8841921039642,2.24894744739329,"2009","Italy"
"496","Male",0.175174936212008,490.004510839001,5.18655429816818,2.3230936747412,"2009","Italy"
"497","Female",0.109701052457948,524.130886317095,14.8151489686119,3.86610789186767,"2009","Japan"
"498","Male",0.501708800813282,533.554450415353,27.2548653504495,5.27796512980386,"2009","Japan"
"499","Female",0.154635472878041,386.911330440976,26.6336579840275,5.1787276962089,"2009","Jordan"
"500","Male",0.177894451512735,386.41990931454,25.8306485150487,5.10334418365683,"2009","Jordan"
"501","Female",0.241720562618965,405.15803553704,10.8827122925601,3.34257041327521,"2009","Kazakhstan"
"502","Male",0.539202600617834,404.619135120266,9.25699960099411,3.14706890959437,"2009","Kazakhstan"
"503","Female",0.121390785583739,544.452619842877,20.2498278873496,4.5161373794483,"2009","Korea"
"504","Male",0.399669397188585,547.819319607049,38.2904476238758,6.22656011779395,"2009","Korea"
"505","Female",0.0418680551533117,333.911443364892,7.64681456480452,2.77435690403893,"2009","Kyrgyzstan"
"506","Male",0.306919884407983,328.232795029859,11.2546062404496,3.40923893292025,"2009","Kyrgyzstan"
"507","Female",0.161296767764281,481.040995125847,11.4467866522821,3.41179465583719,"2009","Latvia"
"508","Male",0.162615290335272,482.891075661188,12.2220049795127,3.52379672057215,"2009","Latvia"
"509","Female",6.23733473577432,523.222883096043,27.7884328370787,5.9391274207587,"2009","Liechtenstein"
"510","Male",1.05013441054839,547.426752657202,25.737568711008,5.19593398761628,"2009","Liechtenstein"
"511","Female",0.606683084561178,479.75293481501,8.05444043117624,2.96352157620788,"2009","Lithuania"
"512","Male",0.112518199536871,473.538548673644,9.23294813684439,3.06071396512131,"2009","Lithuania"
"513","Female",0.0976104027182227,479.242075616151,1.60276733898901,1.31144951189548,"2009","Luxembourg"
"514","Male",1.38718330596916,498.635117516088,2.19664200955806,1.96500940881235,"2009","Luxembourg"
"515","Female",0.376566724932335,519.602272632996,1.52145553212239,1.40475464122429,"2009","Macao-China"
"516","Male",0.292193418776473,530.827194355407,1.36378228511381,1.30935647844488,"2009","Macao-China"
"517","Female",0.595453523913486,405.662882076361,8.04295726014191,2.95930760294331,"2009","Malaysia"
"518","Male",0.597827178144232,402.803759976635,8.84153244709849,3.0917511317814,"2009","Malaysia"
"519","Female",0.0690463793958482,470.154629785767,2.66062204939011,1.65634468172091,"2009","Malta"
"520","Male",0.809442111434203,455.491013661208,4.20933112508378,2.27610668880104,"2009","Malta"
"521","Female",0.37463207339299,418.356876914586,1.59213386084623,1.42887800351108,"2009","Mauritius"
"522","Male",0.151876896815031,421.720804428175,1.70495163745192,1.37375540531419,"2009","Mauritius"
"523","Female",0.0219876560417889,411.769690348251,3.43252967785845,1.85981581483452,"2009","Mexico"
"524","Male",0.0269495664589917,425.412095414163,4.29876129591611,2.0811296873734,"2009","Mexico"
"525","Female",0.438273518733544,389.308163401884,21.4709302373157,4.69008085855627,"2009","Miranda-Venezuela"
"526","Male",1.26846330114904,405.938454571079,31.8756920495342,5.77908712608774,"2009","Miranda-Venezuela"
"527","Female",0.603768748390466,396.307422618648,5.25930524770696,2.44618636775196,"2009","Montenegro"
"528","Male",0.184528356615019,408.437986560989,4.59343474072651,2.19428092291405,"2009","Montenegro"
"529","Female",0.0909110458189556,517.306965549443,25.7156329892676,5.08180344407872,"2009","Netherlands"
"530","Male",0.455558313896617,534.456456139951,22.1030252857456,4.75916959798887,"2009","Netherlands"
"531","Female",0.563002230233302,515.345665147345,7.95473903400085,2.93774432350414,"2009","New Zealand"
"532","Male",0.157394008670645,523.096511267978,10.3458937925626,3.24573051915395,"2009","New Zealand"
"533","Female",0.7541316784145,495.401914527509,7.16286559120318,2.84039145282839,"2009","Norway"
"534","Male",0.149975149858346,500.397407103946,7.04889348900875,2.6886546205935,"2009","Norway"
"535","Female",1.43023050851592,357.17644875776,35.7682130826704,6.12245781470885,"2009","Panama"
"536","Male",0.714900021573766,362.356284545838,30.0391272321639,5.55850764666672,"2009","Panama"
"537","Female",0.860824059068448,356.214817158782,18.584890784411,4.42920756516254,"2009","Peru"
"538","Male",1.71986424439791,373.823043475392,18.73185586108,4.56022948483489,"2009","Peru"
"539","Female",0.562463756769014,493.052812798022,9.62281871363962,3.20901468082688,"2009","Poland"
"540","Male",0.225126280416692,496.551181883706,8.89765402658695,3.02783843080951,"2009","Poland"
"541","Female",0.370206873080943,481.136493427573,8.89476315527108,3.05597961429199,"2009","Portugal"
"542","Male",0.0653312209451588,492.905007600371,10.8586360140119,3.30711860675515,"2009","Portugal"
"543","Female",0.161703819282554,370.803420405586,0.771856540944696,0.982802688276625,"2009","Qatar"
"544","Male",0.221919708144548,365.520116052582,1.17837636036969,1.20194842241385,"2009","Qatar"
"545","Female",0.190751153535111,396.01623292174,10.4405371814215,3.26641065478052,"2009","Republic of Moldova"
"546","Male",0.537725673297638,398.889559084646,11.5584992815685,3.49338948437269,"2009","Republic of Moldova"
"547","Female",0.395332008886894,425.395770496871,13.9312219278025,3.79547366457294,"2009","Romania"
"548","Male",0.48223851500534,428.825981553038,14.691541123525,3.90771382543955,"2009","Romania"
"549","Female",0.150764838070357,466.732434477953,12.0717375923627,3.50037932202313,"2009","Russian Federation"
"550","Male",0.140102254941304,468.911211000053,13.3038620872201,3.67042024748524,"2009","Russian Federation"
"551","Female",0.303057384830046,436.603932814638,9.89557464268634,3.20300538627121,"2009","Serbia"
"552","Male",0.192729452920449,448.106759377744,14.3937732528743,3.82427098887865,"2009","Serbia"
"553","Female",0.61785186254995,600.713217363824,9.17824451485854,3.14955024565706,"2009","Shanghai-China"
"554","Male",0.0682127070908148,599.427731727621,13.8698640059291,3.73520002870503,"2009","Shanghai-China"
"555","Female",1.19555700518367,559.361967214283,2.37605114328181,1.95210643908118,"2009","Singapore"
"556","Male",0.88823630958779,564.587647390378,2.51440980499954,1.89216631840462,"2009","Singapore"
"557","Female",0.472203948343651,495.395488246992,11.0356183045865,3.40620948307629,"2009","Slovak Republic"
"558","Male",0.184583854745317,497.994576776464,13.2714376379509,3.67327350787351,"2009","Slovak Republic"
"559","Female",0.209657303085288,500.797990038794,2.7310595833936,1.72703455295369,"2009","Slovenia"
"560","Male",0.400867582389097,502.120618762047,2.82418939820848,1.81802928938876,"2009","Slovenia"
"561","Female",0.133895275404816,473.898870545278,6.27929173847643,2.5377088227301,"2009","Spain"
"562","Male",0.477525355483428,492.779682787499,4.6127015929973,2.27722023958541,"2009","Spain"
"563","Female",0.502302374906596,495.128236240146,10.044168862023,3.26296363937923,"2009","Sweden"
"564","Male",0.354009927951091,493.375531639126,9.38126742625645,3.13146600489256,"2009","Sweden"
"565","Female",0.429656585695356,523.859288344503,11.1248754931158,3.41181233304973,"2009","Switzerland"
"566","Male",0.962707601373867,543.71103698702,12.4602495288401,3.6899185154267,"2009","Switzerland"
"567","Female",0.167909818840407,417.010798690238,14.1595517246935,3.78959674732049,"2009","Thailand"
"568","Male",0.516538831497084,420.647970152982,14.5008507705932,3.88853408990968,"2009","Thailand"
"569","Female",0.639097162244127,418.04148794219,1.38769462670652,1.46785940110062,"2009","Trinidad and Tobago"
"570","Male",2.3889488031398,409.97236601838,2.45414286119341,2.3067035841133,"2009","Trinidad and Tobago"
"571","Female",0.436816852543951,365.68125298749,9.481744941348,3.16321437218547,"2009","Tunisia"
"572","Male",0.284976059417263,377.878779093548,10.3701350044169,3.2729354218679,"2009","Tunisia"
"573","Female",0.0885055003172693,439.802922753439,31.4543940826812,5.61788222402908,"2009","Turkey"
"574","Male",0.233901927402686,450.749065570967,20.6284193257701,4.57264711503669,"2009","Turkey"
"575","Female",0.283331033166751,424.347689014197,5.10062785225355,2.33251475709236,"2009","United Arab Emirates"
"576","Male",0.161045014391118,417.942245106486,11.2088574885187,3.3767012757702,"2009","United Arab Emirates"
"577","Female",0.158967642590222,482.363593793039,10.5133378011669,3.27171193296035,"2009","United Kingdom"
"578","Male",0.306904050159305,502.84603685578,10.0334634537937,3.22517415250477,"2009","United Kingdom"
"579","Female",0.430090109790065,476.992573226647,13.8481171366431,3.79001652613695,"2009","United States"
"580","Male",0.301171510097954,497.264976615348,15.9186257004273,4.03485210541166,"2009","United States"
"581","Female",1.15031880864139,420.940134351343,7.15882526072313,2.92219229878747,"2009","Uruguay"
"582","Male",0.207361254803177,433.239316525535,8.47393859034718,2.95343394984736,"2009","Uruguay"
"583","Female",0.985056195751196,375.185109984046,50.4122626699973,7.18291933025137,"2006","Argentina"
"584","Male",1.30814184518032,388.073408464518,40.832439229023,6.51169789250387,"2006","Argentina"
"585","Female",0.164956502643114,512.532446212523,5.63076249797705,2.41427220941401,"2006","Australia"
"586","Male",0.0648523378611972,526.954321570983,10.0135557057121,3.17669301493638,"2006","Australia"
"587","Female",0.263263681636082,493.962183624704,16.8808374946744,4.14689690161664,"2006","Austria"
"588","Male",1.02823809400509,516.581071279389,18.3214992845628,4.42214710263791,"2006","Austria"
"589","Female",0.19154008920655,476.597710668974,6.43471792491424,2.58158207926111,"2006","Azerbaijan"
"590","Male",0.233212497301607,475.441161144124,5.35887840351207,2.37460173508612,"2006","Azerbaijan"
"591","Female",0.0708329878988372,516.705867434971,11.8079721617156,3.44861881732298,"2006","Belgium"
"592","Male",0.107513699077206,523.655482894489,16.8243001482589,4.11744053838687,"2006","Belgium"
"593","Female",0.31162905005457,360.870109300312,8.81613350260256,3.03151585228711,"2006","Brazil"
"594","Male",0.599252333506554,379.580612286978,11.156912414238,3.44615948766825,"2006","Brazil"
"595","Female",0.383174393558633,415.374910357812,41.306216331639,6.46266397114297,"2006","Bulgaria"
"596","Male",1.20690778045406,411.655651759484,43.7421906782547,6.72238648210586,"2006","Bulgaria"
"597","Female",0.0214195259392234,519.862642488071,3.9758183234631,2.00038040247103,"2006","Canada"
"598","Male",0.110280861847725,534.078873492979,5.58527094647929,2.3911520195706,"2006","Canada"
"599","Female",1.37508306458146,396.284317368272,20.5229496935243,4.70882675100944,"2006","Chile"
"600","Male",0.154687541081502,424.179819628302,30.2045108310993,5.51272490519862,"2006","Chile"
"601","Female",0.0712696128166514,542.508586087148,34.2595543403774,5.86046737690411,"2006","Chinese Taipei"
"602","Male",0.567126810644615,555.570348607355,21.58334351342,4.71846327591871,"2006","Chinese Taipei"
"603","Female",0.669911843080308,359.808181298215,24.0756094677178,4.98793581348178,"2006","Colombia"
"604","Male",0.16599317246742,381.851523234018,16.3801194862437,4.07177004424422,"2006","Colombia"
"605","Female",0.243942504566527,460.535665601716,7.65522069272842,2.81921118368388,"2006","Croatia"
"606","Male",0.18488619652137,473.968670991399,9.73828517507081,3.15597031210632,"2006","Croatia"
"607","Female",0.568334084296308,503.905849755964,22.8000368460972,4.84582683834789,"2006","Czech Republic"
"608","Male",0.605487605126906,514.428896973013,16.6083101091842,4.16351957306994,"2006","Czech Republic"
"609","Female",0.373718961961086,507.903410605396,8.28309084602966,2.9549202358749,"2006","Denmark"
"610","Male",0.302868019096968,518.205164899886,8.32837590112844,2.94818885488104,"2006","Denmark"
"611","Female",0.434100072233944,513.842858922005,8.47992225415677,3.00014038685484,"2006","Estonia"
"612","Male",0.503177678116007,515.273807878259,10.5378267521528,3.33790952032736,"2006","Estonia"
"613","Female",0.584305414482473,542.545961741505,5.83562632114764,2.55671524001532,"2006","Finland"
"614","Male",0.899402188001173,554.253495038267,6.35782100756717,2.72710535791498,"2006","Finland"
"615","Female",0.288565597480581,492.404770356038,10.7578112519759,3.33227999558149,"2006","France"
"616","Male",0.447474217630642,498.859125616621,15.4971065306605,4.00425718352571,"2006","France"
"617","Female",0.471924837968808,493.726763653671,14.721155822901,3.90991887747861,"2006","Germany"
"618","Male",0.464560298480348,513.236815187112,20.6592232431131,4.60615844292069,"2006","Germany"
"619","Female",0.756881040093368,456.848686330671,8.33062414993143,3.03955282863178,"2006","Greece"
"620","Male",0.075372319199048,461.531134717319,18.4827906247317,4.30966789993969,"2006","Greece"
"621","Female",0.0841753661825011,539.781120245532,13.9180778116158,3.74420729274366,"2006","Hong Kong-China"
"622","Male",0.88107480212445,555.356619284727,14.377322052894,3.92869085261788,"2006","Hong Kong-China"
"623","Female",0.505607864198172,485.650441975661,12.7496477350311,3.65463776208653,"2006","Hungary"
"624","Male",0.482908573236643,495.803565839961,11.7607670513715,3.51287024230266,"2006","Hungary"
"625","Female",1.01883344532645,507.805362268506,3.7000029660187,2.21869400783669,"2006","Iceland"
"626","Male",1.05970630742443,503.319984426734,5.51200831970815,2.60454523643139,"2006","Iceland"
"627","Female",1.04963994489063,382.20114244335,14.7157834608687,3.99691773679888,"2006","Indonesia"
"628","Male",0.260748018192575,399.371929637946,68.0061655387783,8.26553465666979,"2006","Indonesia"
"629","Female",0.593594476609379,495.807004373026,9.77570177557812,3.23852051830915,"2006","Ireland"
"630","Male",0.500915122562249,507.271595696581,13.2017478307287,3.71521816018971,"2006","Ireland"
"631","Female",0.320524566953654,435.889909851789,18.3511192208671,4.32848110787277,"2006","Israel"
"632","Male",1.18416441331138,447.919349162171,42.1226789831242,6.59876323859993,"2006","Israel"
"633","Female",0.177311011564101,453.459795406191,7.12248954749824,2.7083690223777,"2006","Italy"
"634","Male",0.255708928063588,470.066803959446,8.05603351373575,2.89186518140318,"2006","Italy"
"635","Female",0.0694726701977622,513.209933906286,23.8730805529507,4.89453243499192,"2006","Japan"
"636","Male",0.129009485357,532.943700883755,22.6316394530647,4.77351556355409,"2006","Japan"
"637","Female",0.228066172471908,387.508212211842,15.0910299519993,3.91978435107923,"2006","Jordan"
"638","Male",0.393465853439698,380.530964691435,27.7131217760561,5.30898114520891,"2006","Jordan"
"639","Female",0.393330191260635,542.764808427378,20.2296329565982,4.54990430515972,"2006","Korea"
"640","Male",0.13196109701009,552.02195392938,28.0378446314416,5.31000922295373,"2006","Korea"
"641","Female",0.17964411903328,310.314535712495,11.3824984174565,3.40559412735817,"2006","Kyrgyzstan"
"642","Male",0.416735809313382,310.893316937861,15.528324952895,4.00354941571489,"2006","Kyrgyzstan"
"643","Female",0.185296880054047,483.628444334268,10.1948267763079,3.22756611587939,"2006","Latvia"
"644","Male",0.864022467528779,488.844822490783,11.5452124756861,3.54711705991227,"2006","Latvia"
"645","Female",7.10967396546137,525.088134863226,40.0932866594656,6.97315534159532,"2006","Liechtenstein"
"646","Male",7.4287715208313,524.826723907802,46.044576999081,7.41344068729754,"2006","Liechtenstein"
"647","Female",0.735758730722072,485.332990504206,9.70306960183025,3.25361031451167,"2006","Lithuania"
"648","Male",0.380535751681664,487.47113268168,10.4663307264892,3.30499222820677,"2006","Lithuania"
"649","Female",0.28350688077588,481.614315072224,3.02246860727648,1.83376030718508,"2006","Luxembourg"
"650","Male",0.32805189027826,498.189830609727,2.57180569514588,1.7220534148161,"2006","Luxembourg"
"651","Female",0.444499497242359,519.557018370986,2.3712302227652,1.70429739759704,"2006","Macao-China"
"652","Male",1.4291502684458,530.316074718799,2.77357284351024,2.11862058086039,"2006","Macao-China"
"653","Female",0.444347986348522,401.327032117544,8.85724992902452,3.06438697175189,"2006","Mexico"
"654","Male",0.430885464107499,410.320672277506,10.7209154484684,3.35230935407181,"2006","Mexico"
"655","Female",0.354586803252294,393.293193953645,3.36039181260307,1.94573790025939,"2006","Montenegro"
"656","Male",1.93215859247029,404.938781602752,2.87745971643727,2.27948459687746,"2006","Montenegro"
"657","Female",0.147871917601338,524.129935307156,7.68916566473367,2.80474811094602,"2006","Netherlands"
"658","Male",0.505874085146694,536.941423180152,8.8379355668955,3.07326934535057,"2006","Netherlands"
"659","Female",1.12279603002011,516.845948438155,11.6194024351844,3.60093844312958,"2006","New Zealand"
"660","Male",0.524278966299545,527.475094852432,9.15660504114125,3.12821671255377,"2006","New Zealand"
"661","Female",0.366447635192733,486.657661125143,7.59589256609353,2.83471863300836,"2006","Norway"
"662","Male",0.277199095765554,492.826440748946,10.3459891112961,3.26781701235164,"2006","Norway"
"663","Female",0.581405902903811,490.918653864891,6.49603439617994,2.68211138464914,"2006","Poland"
"664","Male",0.687956280902834,499.999827988584,7.29053812262801,2.84887445488765,"2006","Poland"
"665","Female",1.12799126443663,458.959393348181,9.01295566222643,3.21971197152018,"2006","Portugal"
"666","Male",0.553858740502367,473.867539200373,13.347517324309,3.74328035457028,"2006","Portugal"
"667","Female",0.168045704929089,325.144713519997,1.41950424273568,1.27324745774362,"2006","Qatar"
"668","Male",0.81440645130801,310.932022243216,1.64829360663209,1.62036457261991,"2006","Qatar"
"669","Female",1.28740359202406,411.527827723781,22.5559594799209,4.90926102283732,"2006","Romania"
"670","Male",0.666654078535775,418.089159050635,16.5528297106195,4.16567096694667,"2006","Romania"
"671","Female",0.342332953553839,473.02707201363,14.6918411996321,3.88621161851703,"2006","Russian Federation"
"672","Male",1.03565378690911,478.561755719349,19.5812620977841,4.56333722642487,"2006","Russian Federation"
"673","Female",1.00872274979529,432.613747443052,18.1703160182412,4.40236110717823,"2006","Serbia"
"674","Male",0.487379993210564,438.052743481183,15.119245143173,3.96284003399401,"2006","Serbia"
"675","Female",1.05979561076432,484.73548634333,10.9885729979896,3.50147507929255,"2006","Slovak Republic"
"676","Male",0.575708852949686,499.076493848065,13.1908490743598,3.72581530646641,"2006","Slovak Republic"
"677","Female",0.718498217497238,502.06756643768,2.54827653673766,1.84674697718295,"2006","Slovenia"
"678","Male",0.182452986996663,506.863565706546,2.84401173999744,1.75013008784874,"2006","Slovenia"
"679","Female",0.55725705865473,475.629937073661,6.13472704664824,2.60833960922153,"2006","Spain"
"680","Male",0.293149408880717,484.189792161841,6.23421153067899,2.5663185346593,"2006","Spain"
"681","Female",0.0602027808927785,499.724574820553,8.73013110290536,2.96687957962178,"2006","Sweden"
"682","Male",0.50894212691701,504.858381747044,6.53636579481269,2.67340538398371,"2006","Sweden"
"683","Female",0.558839645559346,522.716526860624,12.054511776935,3.56722852528489,"2006","Switzerland"
"684","Male",0.181887375937543,536.172372997626,10.8956380414522,3.33375207425166,"2006","Switzerland"
"685","Female",0.379934931022274,419.885573691353,6.09948277080161,2.56035245386809,"2006","Thailand"
"686","Male",0.314474479888335,413.277546754107,14.2084188379781,3.81913448491201,"2006","Thailand"
"687","Female",0.512082334282953,358.164080670499,18.8805912089554,4.4153244512827,"2006","Tunisia"
"688","Male",0.601977252802771,373.473916229159,18.2030371332221,4.35033445111815,"2006","Tunisia"
"689","Female",0.554192444575924,420.734347064322,25.2384018056835,5.08954150579152,"2006","Turkey"
"690","Male",0.860442601255196,426.596591871634,30.4363724682721,5.60971510771967,"2006","Turkey"
"691","Female",0.121987378625501,487.167889696828,6.72996279533695,2.62227909454496,"2006","United Kingdom"
"692","Male",0.128964637974225,503.873033926557,6.35921701270059,2.55224892560848,"2006","United Kingdom"
"693","Female",0.549818990797513,470.060660819811,14.4821407872716,3.89126246560529,"2006","United States"
"694","Male",0.0329908221363828,478.606359172599,21.2852125143192,4.61787846319962,"2006","United States"
"695","Female",1.02154235185891,420.486505081329,8.30164649692033,3.08666443254705,"2006","Uruguay"
"696","Male",0.178930742223394,433.413826697761,13.0110293477754,3.63672190831846,"2006","Uruguay"
"697","Female",0.183776409757752,521.550185575295,7.03076302845773,2.69282281633364,"2003","Australia"
"698","Male",0.255376354301078,526.892626236512,8.72957514430761,3.00599846464846,"2003","Australia"
"699","Female",0.408668149215907,501.816063978019,15.1982025661144,3.9608842882838,"2003","Austria"
"700","Male",0.111102322660005,509.390082928193,15.4749139714082,3.95072610523688,"2003","Austria"
"701","Female",0.337956740259944,525.37017751231,10.0538752346495,3.23410317135392,"2003","Belgium"
"702","Male",0.030722688786172,532.881506971007,11.4949424083186,3.39585182757758,"2003","Belgium"
"703","Female",0.338329355224287,348.439801402807,18.8342547261109,4.38637093191855,"2003","Brazil"
"704","Male",1.280499000962,364.697635362668,35.3858102305769,6.07638124476495,"2003","Brazil"
"705","Female",0.158802222361149,529.602412490381,3.32954370777845,1.8761946526445,"2003","Canada"
"706","Male",0.0656127449794599,540.77423373351,4.13847740926401,2.05358532894043,"2003","Canada"
"707","Female",0.930723223884765,508.868865887196,17.9382629915349,4.36521830613276,"2003","Czech Republic"
"708","Male",0.0741240090300114,523.842493407836,18.1637622003303,4.272319160733,"2003","Czech Republic"
"709","Female",0.552479573302316,506.150424792831,8.19807200525652,2.97675116414176,"2003","Denmark"
"710","Male",0.590429582190781,522.727533753718,10.7081025558932,3.37884862853045,"2003","Denmark"
"711","Female",0.548183540411208,540.596927524783,3.80469929309951,2.11246764273277,"2003","Finland"
"712","Male",0.711777708738156,548.002168088457,5.2108747069947,2.4627236867908,"2003","Finland"
"713","Female",0.335285319651662,506.76319880644,8.12095838621661,2.9194692616636,"2003","France"
"714","Male",0.173065284814792,515.277834847737,12.4054068015656,3.55149055233762,"2003","France"
"715","Female",0.254935939825049,498.897135367422,15.1172990661344,3.92724104097578,"2003","Germany"
"716","Male",0.261108445834676,507.872593528012,15.5296840328517,3.98032839949838,"2003","Germany"
"717","Female",0.0644557478554941,435.55104907386,14.7250305863928,3.84738579867153,"2003","Greece"
"718","Male",0.464190814560182,454.952480263243,22.0061160300288,4.75006789504119,"2003","Greece"
"719","Female",0.572022770316315,548.347162171354,20.0777865833616,4.55677670154476,"2003","Hong Kong (China)"
"720","Male",1.36625336275504,552.404509436993,40.921149855272,6.52385268768218,"2003","Hong Kong (China)"
"721","Female",0.410331330850353,485.900976859458,10.4328177284668,3.30533134881924,"2003","Hungary"
"722","Male",0.42947462442906,493.695838756329,10.5798089854929,3.33094258953945,"2003","Hungary"
"723","Female",0.370116270185566,523.064692136389,4.26701601471873,2.17051964721387,"2003","Iceland"
"724","Male",0.214880539129925,507.653568239029,4.93664105581362,2.27914407240296,"2003","Iceland"
"725","Female",0.711596116806585,358.49943544209,20.0600336296188,4.57317711987921,"2003","Indonesia"
"726","Male",1.76049567645672,361.839196263271,13.2301352997304,3.91697971803256,"2003","Indonesia"
"727","Female",0.148977527219538,495.376234571641,11.3384598921172,3.39370489653721,"2003","Ireland"
"728","Male",0.224587038087519,510.183744557684,8.78024646597531,3.00828039113383,"2003","Ireland"
"729","Female",0.741646404128586,457.090743344859,13.8603914296662,3.84062066788957,"2003","Italy"
"730","Male",0.3725744140496,474.916140526397,20.3439009185876,4.55971383043357,"2003","Italy"
"731","Female",0.451977967597838,530.1117959017,15.2327043021148,3.97178522370384,"2003","Japan"
"732","Male",0.0911546626331898,538.532219746192,33.6351559766726,5.80900521361725,"2003","Japan"
"733","Female",0.656067799358676,528.307595074329,27.7967579570869,5.34640433528154,"2003","Korea"
"734","Male",0.255758599320351,551.714025969463,18.6606339010811,4.35517441904059,"2003","Korea"
"735","Female",0.364931565846993,482.026058106617,12.2224939907456,3.55814725240005,"2003","Latvia"
"736","Male",1.33961067177099,484.838937852951,21.3685821692293,4.7933406905158,"2003","Latvia"
"737","Female",6.89798154404381,521.00099332719,31.103269398044,6.27541610181322,"2003","Liechtenstein"
"738","Male",8.32416270652154,549.843966108425,42.3292236128559,7.23313340542546,"2003","Liechtenstein"
"739","Female",0.0806396140738954,484.758610479192,2.23709062291518,1.52769701178076,"2003","Luxembourg"
"740","Male",0.146880454901131,501.930335605824,3.2658385170549,1.85528840424778,"2003","Luxembourg"
"741","Female",0.790492644263564,516.937163074715,9.81778429053232,3.28121554666081,"2003","Macao (China)"
"742","Male",1.40972480977172,538.193595131923,21.5088848222569,4.81669540182717,"2003","Macao (China)"
"743","Female",0.125606621240158,379.973614617475,16.4531905207149,4.07479060397011,"2003","Mexico"
"744","Male",0.243578820686797,390.868893896408,17.9822520422516,4.27487387265118,"2003","Mexico"
"745","Female",0.14324709447327,535.215026505333,11.9630728965438,3.48352829899682,"2003","Netherlands"
"746","Male",0.264725981501269,540.330712203663,16.3008835313336,4.07658615867924,"2003","Netherlands"
"747","Female",0.178913602580625,516.225330720236,10.0006744638695,3.19614936868824,"2003","New Zealand"
"748","Male",0.926789865161595,530.707629933476,6.55780296423972,2.76946760270519,"2003","New Zealand"
"749","Female",0.323411264724596,492.048704501238,7.86303691143539,2.87247809897741,"2003","Norway"
"750","Male",0.394452509752757,498.270624733446,7.6318949341008,2.84696995871121,"2003","Norway"
"751","Female",0.237074397664907,487.451172682327,8.39367489660384,2.9458723960487,"2003","Poland"
"752","Male",0.621613457001654,493.041303849875,8.06905982793211,2.96900589024914,"2003","Poland"
"753","Female",0.194429747077543,460.188019822522,11.6236751756827,3.44339815765992,"2003","Portugal"
"754","Male",0.118874610858034,472.437031404304,17.3178289357128,4.17857373618588,"2003","Portugal"
"755","Female",0.861707890960911,463.38171130827,16.6896901877501,4.20995720369022,"2003","Russian Federation"
"756","Male",0.305205906369568,473.499170205002,27.4506463060382,5.27417229465266,"2003","Russian Federation"
"757","Female",0.407210706873014,488.629316938795,12.3762908634049,3.58677344024578,"2003","Slovakia"
"758","Male",0.257190152449682,507.289853758831,14.9337973561795,3.90415490716225,"2003","Slovakia"
"759","Female",0.404809834267059,480.74448773614,4.31096290497142,2.19014490527268,"2003","Spain"
"760","Male",0.331490734382906,489.605606005181,10.9975089201394,3.37569219589093,"2003","Spain"
"761","Female",0.23991707388615,505.777949660155,9.26201741891807,3.09029414580254,"2003","Sweden"
"762","Male",0.446706789816249,512.308281488416,8.36227454703122,2.98300564780067,"2003","Sweden"
"763","Female",0.307328010061675,517.951087842892,12.9405537589157,3.64819782508977,"2003","Switzerland"
"764","Male",0.454528411234905,534.57797821502,21.9624178870092,4.74424408947211,"2003","Switzerland"
"765","Female",0.312153069490876,418.787758824962,11.1505609732343,3.39487034459688,"2003","Thailand"
"766","Male",0.679168195882094,414.771920488318,14.8735939593724,3.96088320888548,"2003","Thailand"
"767","Female",0.104927875950334,352.738625361566,8.47669416680672,2.93302022119642,"2003","Tunisia"
"768","Male",0.199444520039322,364.906170527999,7.26073214764764,2.73862475919846,"2003","Tunisia"
"769","Female",0.360743652256325,415.093276948748,44.1200129722583,6.67479627816204,"2003","Turkey"
"770","Male",1.35170198720023,430.228088555803,60.4319303896259,7.87743440304432,"2003","Turkey"
"771","Female",0.328934740321147,505.140228860733,14.6505127371519,3.87881868943849,"2003","United Kingdom"
"772","Male",0.266519043329433,511.802759053067,8.08416201840496,2.89896272318226,"2003","United Kingdom"
"773","Female",0.543024710886637,479.714872578156,9.83740038202105,3.23867720452116,"2003","United States"
"774","Male",0.79579821514251,485.962852109556,10.1453239893959,3.33170854781251,"2003","United States"
"775","Female",0.746641663683541,416.302518884688,13.8478435878806,3.83976738674374,"2003","Uruguay"
"776","Male",0.664540474294774,428.391549671467,14.8172738833393,3.95154684300882,"2003","Uruguay"
"777","Female",0.411165880329739,436.271555214216,19.3195665409479,4.4511757544882,"2003","Yugoslavia"
"778","Male",0.847464299344384,437.484877216635,16.9293525423871,4.23630849934236,"2003","Yugoslavia"
"779","Female",0.647532335410399,389.557859974758,11.7805535570292,3.54366933552239,"2000","ALBANIA"
"780","Male",3.46847750565317,372.057822051052,18.9169068474932,4.80406909341206,"2000","ALBANIA"
"781","Female",1.89321457183875,388.897221193971,157.11927288422,12.6250200146545,"2000","ARGENTINA"
"782","Male",1.96657756960906,385.942567447052,60.9174769305968,7.95470741222627,"2000","ARGENTINA"
"783","Female",2.1001186546861,527.30925191049,23.9785148639241,5.14768464938825,"2000","AUSTRALIA"
"784","Male",1.73242245345988,539.274728606069,14.856755805714,4.1152961922401,"2000","AUSTRALIA"
"785","Female",0.155034486204364,503.02211407266,13.2306659414476,3.66288237934183,"2000","AUSTRIA"
"786","Male",0.262129704370975,530.070370561997,15.5246896988637,3.97985494008373,"2000","AUSTRIA"
"787","Female",0.361310976894787,517.506176601835,26.4054130060673,5.18063569249384,"2000","BELGIUM"
"788","Male",0.44443391912336,523.716928680259,21.0479652278134,4.64556626588852,"2000","BELGIUM"
"789","Female",0.05683122910039,321.948963749878,21.6445805945597,4.65969720791815,"2000","BRAZIL"
"790","Male",2.66356272745549,348.954374047007,19.2749549545129,4.74038291991896,"2000","BRAZIL"
"791","Female",0.603012447984836,431.605972932687,46.4719111144372,6.86990000305819,"2000","BULGARIA"
"792","Male",0.0356411983016991,427.759825881799,42.6941175425768,6.53734556074091,"2000","BULGARIA"
"793","Female",0.209319673550297,528.576329028392,2.28669545523249,1.59307220912702,"2000","CANADA"
"794","Male",0.154528030470193,538.843069224545,2.8983351108367,1.75606627078847,"2000","CANADA"
"795","Female",1.11250830233702,379.755254931438,20.5453255221288,4.67764208602296,"2000","CHILE"
"796","Male",0.826124301715202,388.032579642948,22.0988442352238,4.80522563437785,"2000","CHILE"
"797","Female",0.417631277820642,492.115607695522,8.23752307512545,2.95612594598238,"2000","CZECH REPUBLIC"
"798","Male",0.601444175278085,503.780334198442,18.6679921711096,4.40337656593702,"2000","CZECH REPUBLIC"
"799","Female",1.06608324280826,507.339291258532,7.94936131202142,3.03787116306655,"2000","DENMARK"
"800","Male",0.408968553029515,522.098747769503,9.3605081785211,3.13867335703423,"2000","DENMARK"
"801","Female",0.242407929586391,535.700199743578,6.57131025256233,2.6195800747574,"2000","FINLAND"
"802","Male",0.950020736670927,536.658145564986,6.84380551492959,2.82556727029011,"2000","FINLAND"
"803","Female",0.275832308612751,510.677418695875,7.48071111174466,2.79494362771058,"2000","FRANCE"
"804","Male",1.30126349447781,524.819523573985,14.985027577165,4.0677443098772,"2000","FRANCE"
"805","Female",1.00262072251314,483.040953629384,14.7513430275341,3.99430693544573,"2000","GERMANY"
"806","Male",0.333339481234699,497.634275985633,9.35150332883651,3.12274089644308,"2000","GERMANY"
"807","Female",1.26756130473978,444.266954045426,28.0802450398562,5.4407093844042,"2000","GREECE"
"808","Male",0.82343464537598,450.796750419705,58.3964656846193,7.706139582117,"2000","GREECE"
"809","Female",0.0300347699056444,551.388460867507,18.0629216940993,4.25428765106287,"2000","HONG KONG"
"810","Male",1.32385211814566,569.440061961798,26.9493097789861,5.34209063202422,"2000","HONG KONG"
"811","Female",0.852371316708323,484.704352599634,23.1207924352099,4.91361760979218,"2000","HUNGARY"
"812","Male",0.304399000257134,491.692249718303,26.8972479130168,5.22135295812545,"2000","HUNGARY"
"813","Female",0.161887086188977,518.030865580873,8.19503746559885,2.89642917555835,"2000","ICELAND"
"814","Male",2.67701145704308,513.470237817703,6.33195570029101,3.08939629195458,"2000","ICELAND"
"815","Female",1.6007894870723,364.248795591926,32.3218453772788,5.85173416704531,"2000","INDONESIA"
"816","Male",0.388919878215389,369.293754730072,18.3385370848506,4.33650100181115,"2000","INDONESIA"
"817","Female",0.80995928560825,497.258121749449,10.729692290095,3.42076649785175,"2000","IRELAND"
"818","Male",1.00112487506506,510.141538939376,14.9519955099705,4.01912246143963,"2000","IRELAND"
"819","Female",0.877548044011998,429.529559237265,88.205386960274,9.4476687395933,"2000","ISRAEL"
"820","Male",4.69392739050468,441.726136310443,103.078865839767,10.4264844846368,"2000","ISRAEL"
"821","Female",0.453483041422166,453.698027640717,13.5441481410266,3.75344212566721,"2000","ITALY"
"822","Male",1.66666755276915,462.136947103995,26.3335392092282,5.32292591274303,"2000","ITALY"
"823","Female",0.419043079252317,552.558232888746,34.5063535509891,5.91685771724248,"2000","JAPAN"
"824","Male",0.311064443163812,560.731103518973,52.8185330071692,7.29327157995407,"2000","JAPAN"
"825","Female",1.53548862763172,532.053266892762,24.0695331672404,5.09039482951947,"2000","KOREA, REPUBLIC OF"
"826","Male",0.173393869939767,558.599828339996,20.8479074830856,4.5886795624682,"2000","KOREA, REPUBLIC OF"
"827","Female",1.29851184899862,460.379146613372,29.8159795159348,5.60126715437972,"2000","LATVIA"
"828","Male",2.40631074541331,466.651518832732,25.1366480435099,5.29379079091778,"2000","LATVIA"
"829","Female",27.9556142541214,509.785372145139,89.7780801634613,11.105170744676,"2000","LIECHTENSTEIN"
"830","Male",20.9740737644969,521.48263667234,106.449986313528,11.472526959259,"2000","LIECHTENSTEIN"
"831","Female",1.90002746033543,439.156850836905,7.98874969426868,3.20449413272535,"2000","LUXEMBOURG"
"832","Male",0.127460140339399,454.131538916479,8.68939915661305,2.97360914126593,"2000","LUXEMBOURG"
"833","Female",2.07592867956799,383.856051288832,9.7328651572152,3.49628082005676,"2000","MACEDONIA"
"834","Male",1.05133770969145,381.006726229815,11.85599630562,3.62182296050618,"2000","MACEDONIA"
"835","Female",1.21235890918625,382.0314838337,13.2619139470164,3.83624095150968,"2000","MEXICO"
"836","Male",1.23381984409533,392.674445633961,18.6320459912018,4.48471067117113,"2000","MEXICO"
"837","Female",0.252839015958057,558.205539748953,20.7310194289672,4.58633036840096,"2000","NETHERLANDS"
"838","Male",1.76303116282469,568.747221530571,21.8838824977634,4.89893048462142,"2000","NETHERLANDS"
"839","Female",0.54328414357068,539.075781577487,16.5127260488882,4.14302631190933,"2000","NEW ZEALAND"
"840","Male",0.843098712407759,536.420623099606,24.3086982744285,5.03193965875166,"2000","NEW ZEALAND"
"841","Female",0.594147355355787,495.371137908303,7.88520183023456,2.93226510681785,"2000","NORWAY"
"842","Male",1.37777355323619,505.894443931736,12.6746385053684,3.78523008141538,"2000","NORWAY"
"843","Female",3.39102056568543,285.173179183444,35.8015394386321,6.31433006085797,"2000","PERU"
"844","Male",4.04153501404869,301.250988612634,32.6736272277713,6.12564031303094,"2000","PERU"
"845","Female",0.240762058100948,467.703609220707,39.4205566447943,6.3015451370688,"2000","POLAND"
"846","Male",0.943659267520888,472.451826166708,54.7576312367042,7.47596297193407,"2000","POLAND"
"847","Female",0.462132664424078,445.756418111595,21.9079245855681,4.73946028392231,"2000","PORTUGAL"
"848","Male",0.738452389767707,464.285336186739,20.8662255093103,4.66394343630275,"2000","PORTUGAL"
"849","Female",0.349966798813191,430.45440487044,19.9923725472645,4.51800096346164,"2000","ROMANIA"
"850","Male",1.52307376194212,419.984819570717,31.1704950175287,5.74440454110426,"2000","ROMANIA"
"851","Female",0.45098852629955,479.470225710793,38.251401775144,6.22836961063675,"2000","RUSSIAN FEDERATION"
"852","Male",1.32339222674482,477.595012020495,30.8654863287118,5.6968023487572,"2000","RUSSIAN FEDERATION"
"853","Female",0.499018675640822,468.627133268407,10.2748882677495,3.29753099735521,"2000","SPAIN"
"854","Male",0.439150505556042,486.77923510348,17.6344575367222,4.2616238857259,"2000","SPAIN"
"855","Female",0.785560442458328,506.656340492189,8.15108649514701,3.01558601702836,"2000","SWEDEN"
"856","Male",0.95793203241416,514.145868439554,9.3525832752309,3.24069463450784,"2000","SWEDEN"
"857","Female",0.31535117814786,522.801984170869,22.80845206893,4.81527501631085,"2000","SWITZERLAND"
"858","Male",0.744945625278379,536.973941979249,27.2735416470825,5.3073040611422,"2000","SWITZERLAND"
"859","Female",1.44347804259451,434.927395531173,13.1774619896049,3.86129973463837,"2000","THAILAND"
"860","Male",0.605590232766303,428.670614996056,23.3322764530943,4.90499589524944,"2000","THAILAND"
"861","Female",1.08364551128358,526.217833284922,12.162690836057,3.66920501602149,"2000","UNITED KINGDOM"
"862","Male",0.10379656408761,534.254475925375,12.0294261322014,3.48625615942182,"2000","UNITED KINGDOM"
"863","Female",0.523389367263262,489.628402480372,53.0884867117344,7.32915779284703,"2000","UNITED STATES"
"864","Male",1.00510988330203,496.78205877439,77.1306305264896,8.85080574786567,"2000","UNITED STATES"
